"Search Reg No","RC Holder Name","Total Amount Pending","Notice No.","Reg No.","Notice Generation Date","Violation Date","Violation Time","Point Name","Offence Description","Fine Amount","Scraped Timestamp","Status"
"KA05AP6038","","1000","85233150","KA05AP6038","31-08-2026","21-07-2026","17:09","ASTraM APP VIOLATION","NO PARKING","1000","31-08-2026 21:31:50","HAS_FINES"
"KA05AP6041","","0","N/A","KA05AP6041","N/A","N/A","N/A","N/A","NO FINES FOUND","0","31-08-2026 21:31:53","NO_FINES"
"KA05AP6034","","3000","82750761","KA05AP6034","15-07-2026","02-07-2026","04:45","Banaswadi 7th Mn Rd, 2nd crs Om ShaktiTemple Jn(ITMS CAMERA)","JUMPING TRAFFIC SIGNALS","500","31-08-2026 21:31:57","HAS_FINES"
"KA05AP6034","","3000","82780511","KA05AP6034","15-07-2026","04-07-2026","02:19","Banaswadi 7th Mn Rd, 2nd crs Om ShaktiTemple Jn(ITMS CAMERA)","JUMPING TRAFFIC SIGNALS","500","31-08-2026 21:31:57","HAS_FINES"
"KA05AP6034","","3000","84492913","KA05AP6034","13-08-2026","10-08-2026","17:41","AIRPORT TO CITY SPEED CAMERA BIAL ROAD","FAIL TO USE SAFETY BELTS","500","31-08-2026 21:31:57","HAS_FINES"
"KA05AP6034","","3000","84497426","KA05AP6034","13-08-2026","12-08-2026","16:33","Airport Elevated Road (Bellary Road) AND At grade1","FAIL TO USE SAFETY BELTS","500","31-08-2026 21:31:57","HAS_FINES"
"KA05AP6034","","3000","84574143","KA05AP6034","15-08-2026","13-08-2026","16:23","AIRPORT TO CITY SPEED CAMERA BIAL ROAD","FAIL TO USE SAFETY BELTS","500","31-08-2026 21:31:57","HAS_FINES"
"KA05AP6034","","3000","84679582","KA05AP6034","19-08-2026","16-08-2026","12:43","AIRPORT TO CITY SPEED CAMERA BIAL ROAD","FAIL TO USE SAFETY BELTS","500","31-08-2026 21:31:57","HAS_FINES"
"KA05AP7689","","0","N/A","KA05AP7689","N/A","N/A","N/A","N/A","NO FINES FOUND","0","31-08-2026 21:32:01","NO_FINES"
"KA05AP7685","","1000","82852316","KA05AP7685","15-07-2026","01-07-2026","11:51","BRV JN (ITMS CAMERA)","JUMPING TRAFFIC SIGNALS","500","31-08-2026 21:32:04","HAS_FINES"
"KA05AP7685","","1000","85126142","KA05AP7685","28-08-2026","29-07-2026","02:22","Indiranagar, 12th Main Rd, HAL 2nd Stage, Jn (ITMS CAMERA)","JUMPING TRAFFIC SIGNALS","500","31-08-2026 21:32:04","HAS_FINES"
"KA05AP7682","","1000","85209021","KA05AP7682","29-08-2026","04-08-2026","13:10","T C pallya Jn (ITMS CAMERA)","FAIL TO USE SAFETY BELTS","500","31-08-2026 21:32:08","HAS_FINES"
"KA05AP7682","","1000","84132861","KA05AP7682","05-08-2026","04-08-2026","13:16","NH75 Kolar Road","FAIL TO USE SAFETY BELTS","500","31-08-2026 21:32:08","HAS_FINES"
"KA05AP7679","","0","N/A","KA05AP7679","N/A","N/A","N/A","N/A","NO FINES FOUND","0","31-08-2026 21:32:11","NO_FINES"
"KA05AP7676","","0","N/A","KA05AP7676","N/A","N/A","N/A","N/A","NO FINES FOUND","0","31-08-2026 21:32:14","NO_FINES"
"KA05AP7673","","1000","83446616","KA05AP7673","24-07-2026","08-07-2026","02:41","Navaranga circle (ITMS CAMERA)","PARKING NEAR TRAFFIC LIGHT / STOPPING ON ZEBRA CROSS","1000","31-08-2026 21:32:18","HAS_FINES"
"KA05AP7670","","1000","82935199","KA05AP7670","15-07-2026","09-07-2026","09:37","NH75 Kolar Road","FAIL TO USE SAFETY BELTS","500","31-08-2026 21:32:21","HAS_FINES"
"KA05AP7670","","1000","84434398","KA05AP7670","12-08-2026","21-07-2026","20:56","JP Nagar,35th Main Rd, 15 cross Jn (ITMS CAMERA)","JUMPING TRAFFIC SIGNALS","500","31-08-2026 21:32:21","HAS_FINES"
"KA05AP7667","","0","N/A","KA05AP7667","N/A","N/A","N/A","N/A","NO FINES FOUND","0","31-08-2026 21:32:25","NO_FINES"
"KA05AP7663","","0","N/A","KA05AP7663","N/A","N/A","N/A","N/A","NO FINES FOUND","0","31-08-2026 21:32:28","NO_FINES"
"KA05AP7660","","0","N/A","KA05AP7660","N/A","N/A","N/A","N/A","NO FINES FOUND","0","31-08-2026 21:32:32","NO_FINES"
"KA05AP7657","","0","N/A","KA05AP7657","N/A","N/A","N/A","N/A","NO FINES FOUND","0","31-08-2026 21:32:35","NO_FINES"
"KA05AP7654","","0","N/A","KA05AP7654","N/A","N/A","N/A","N/A","NO FINES FOUND","0","31-08-2026 21:32:39","NO_FINES"
"KA05AP7651","","0","N/A","KA05AP7651","N/A","N/A","N/A","N/A","NO FINES FOUND","0","31-08-2026 21:32:42","NO_FINES"
"KA05AP7648","","0","N/A","KA05AP7648","N/A","N/A","N/A","N/A","NO FINES FOUND","0","31-08-2026 21:32:45","NO_FINES"
"KA05AP7645","","500","83388115","KA05AP7645","23-07-2026","05-07-2026","00:07","K H road , Siddiah road Jn (ITMS CAMERA)","JUMPING TRAFFIC SIGNALS","500","31-08-2026 21:32:49","HAS_FINES"
"KA05AP7642","","500","83508379","KA05AP7642","25-07-2026","08-07-2026","14:00","BTM 29th Main Axa Signal (ITMS CAMERA)","FAIL TO USE SAFETY BELTS","500","31-08-2026 21:32:52","HAS_FINES"
"KA05AP7639","","2500","82608418","KA05AP7639","15-07-2026","19-06-2026","13:49","Indiranagar KFC Jn (ITMS CAMERA)","FAIL TO USE SAFETY BELTS","500","31-08-2026 21:32:56","HAS_FINES"
"KA05AP7639","","2500","82554841","KA05AP7639","15-07-2026","19-06-2026","07:33","BRV JN (ITMS CAMERA)","FAIL TO USE SAFETY BELTS","500","31-08-2026 21:32:56","HAS_FINES"
"KA05AP7639","","2500","82627888","KA05AP7639","15-07-2026","20-06-2026","09:42","HAL Old Airport Rd Leela Palace op Jn (ITMS CAMERA)","FAIL TO USE SAFETY BELTS","500","31-08-2026 21:32:56","HAS_FINES"
"KA05AP7639","","2500","82389065","KA05AP7639","15-07-2026","26-06-2026","16:47","Kathriguppe Circle (ITMS CAMERA)","FAIL TO USE SAFETY BELTS","500","31-08-2026 21:32:56","HAS_FINES"
"KA05AP7639","","2500","82303475","KA05AP7639","15-07-2026","30-06-2026","17:26","Kanakapur road Vanivilas Road Jn (ITMS CAMERA)","FAIL TO USE SAFETY BELTS","500","31-08-2026 21:32:56","HAS_FINES"
"KA05AP7499","","0","N/A","KA05AP7499","N/A","N/A","N/A","N/A","NO FINES FOUND","0","31-08-2026 21:32:59","NO_FINES"
"KA05AP7490","","0","N/A","KA05AP7490","N/A","N/A","N/A","N/A","NO FINES FOUND","0","31-08-2026 21:33:03","NO_FINES"
"KA05AP7504","","4000","82774167","KA05AP7504","15-07-2026","07-07-2026","13:09","Thanisandra Road","FAIL TO USE SAFETY BELTS","500","31-08-2026 21:33:06","HAS_FINES"
"KA05AP7504","","4000","82802497","KA05AP7504","15-07-2026","07-07-2026","13:09","Thanisandra Road","LMV - USING MOBILE WHILE DRIVING/RIDING","3000","31-08-2026 21:33:06","HAS_FINES"
"KA05AP7504","","4000","83778093","KA05AP7504","29-07-2026","08-07-2026","07:40","Kathriguppe Circle (ITMS CAMERA)","FAIL TO USE SAFETY BELTS","500","31-08-2026 21:33:06","HAS_FINES"
"KA05AP7514","","2000","82831267","KA05AP7514","15-07-2026","30-06-2026","11:01","BRV JN (ITMS CAMERA)","JUMPING TRAFFIC SIGNALS","500","31-08-2026 21:33:10","HAS_FINES"
"KA05AP7514","","2000","82661019","KA05AP7514","15-07-2026","03-07-2026","21:12","Dr.Rajkumar Statue, Jn, Domlur (ITMS CAMERA)","PARKING NEAR TRAFFIC LIGHT / STOPPING ON ZEBRA CROSS","1000","31-08-2026 21:33:10","HAS_FINES"
"KA05AP7514","","2000","83203826","KA05AP7514","20-07-2026","05-07-2026","05:40","JP Nagar,35th Main Rd, 15 cross Jn (ITMS CAMERA)","JUMPING TRAFFIC SIGNALS","500","31-08-2026 21:33:10","HAS_FINES"
"KA05AP7510","","2000","84811229","KA05AP7510","24-08-2026","20-04-2026","09:10","ASTraM APP VIOLATION","PARKING IN A MAIN ROAD","1000","31-08-2026 21:33:13","HAS_FINES"
"KA05AP7510","","2000","82121881","KA05AP7510","14-07-2026","23-05-2026","09:57","ASTraM APP VIOLATION","NO PARKING","1000","31-08-2026 21:33:14","HAS_FINES"
"KA05AP7505","","0","N/A","KA05AP7505","N/A","N/A","N/A","N/A","NO FINES FOUND","0","31-08-2026 21:33:17","NO_FINES"
"KA05AP7500","","1500","82585929","KA05AP7500","15-07-2026","19-06-2026","13:12","Navaranga circle (ITMS CAMERA)","PARKING NEAR TRAFFIC LIGHT / STOPPING ON ZEBRA CROSS","1000","31-08-2026 21:33:20","HAS_FINES"
"KA05AP7500","","1500","83345489","KA05AP7500","22-07-2026","05-07-2026","11:36","Hosur Mn Rd Koramangala 80 Ft Rd Jn (ITMS CAMERA)","JUMPING TRAFFIC SIGNALS","500","31-08-2026 21:33:20","HAS_FINES"
"KA05AP7501","","500","82529760","KA05AP7501","15-07-2026","23-06-2026","16:20","Swami Vivekananda Rd, Murphy Town Jn (ITMS CAMERA)","FAIL TO USE SAFETY BELTS","500","31-08-2026 21:33:24","HAS_FINES"
"KA05AP7512","","0","N/A","KA05AP7512","N/A","N/A","N/A","N/A","NO FINES FOUND","0","31-08-2026 21:33:27","NO_FINES"
"KA05AP7521","","500","84854815","KA05AP7521","24-08-2026","14-07-2026","17:35","Kathriguppe Circle (ITMS CAMERA)","FAIL TO USE SAFETY BELTS","500","31-08-2026 21:33:31","HAS_FINES"
"KA05AP7533","","1000","83884567","KA05AP7533","03-08-2026","10-07-2026","01:39","Indiranagar, 12th Main Rd, HAL 2nd Stage, Jn (ITMS CAMERA)","JUMPING TRAFFIC SIGNALS","500","31-08-2026 21:33:34","HAS_FINES"
"KA05AP7533","","1000","83159436","KA05AP7533","18-07-2026","16-07-2026","18:03","Mysore Road to Goraguntepalya","FAIL TO USE SAFETY BELTS","500","31-08-2026 21:33:34","HAS_FINES"
"KA05AQ0163","","0","N/A","KA05AQ0163","N/A","N/A","N/A","N/A","NO FINES FOUND","0","31-08-2026 21:33:38","NO_FINES"
"KA05AQ0159","","500","82566816","KA05AQ0159","15-07-2026","19-06-2026","19:35","Navaranga circle (ITMS CAMERA)","JUMPING TRAFFIC SIGNALS","500","31-08-2026 21:33:41","HAS_FINES"
"KA05AQ2252","","500","84774024","KA05AQ2252","21-08-2026","20-08-2026","12:25","Hennuru Road","FAIL TO USE SAFETY BELTS","500","31-08-2026 21:33:45","HAS_FINES"
"KA05AQ2246","","0","N/A","KA05AQ2246","N/A","N/A","N/A","N/A","NO FINES FOUND","0","31-08-2026 21:33:48","NO_FINES"
"KA05AQ2248","","500","82629893","KA05AQ2248","15-07-2026","22-06-2026","02:21","Banaswadi 7th Mn Rd, 2nd crs Om ShaktiTemple Jn(ITMS CAMERA)","JUMPING TRAFFIC SIGNALS","500","31-08-2026 21:33:51","HAS_FINES"
"KA05AQ2254","","1500","82698378","KA05AQ2254","15-07-2026","02-07-2026","01:43","Indiranagar, 12th Main Rd, HAL 2nd Stage, Jn (ITMS CAMERA)","JUMPING TRAFFIC SIGNALS","500","31-08-2026 21:33:55","HAS_FINES"
"KA05AQ2254","","1500","85011857","KA05AQ2254","27-08-2026","03-07-2026","07:30","ASTraM APP VIOLATION","PARKING IN A MAIN ROAD","1000","31-08-2026 21:33:55","HAS_FINES"
"KA05AQ2145","","500","82447746","KA05AQ2145","15-07-2026","23-06-2026","15:39","AIRPORT TO CITY SPEED CAMERA BIAL ROAD","FAIL TO USE SAFETY BELTS","500","31-08-2026 21:33:58","HAS_FINES"
"KA05AQ2137","","2000","85015914","KA05AQ2137","28-08-2026","11-07-2026","10:30","ASTraM APP VIOLATION","PARKING IN A MAIN ROAD","1000","31-08-2026 21:34:02","HAS_FINES"
"KA05AQ2137","","2000","83285561","KA05AQ2137","22-07-2026","13-07-2026","20:06","ASTraM APP VIOLATION","NO PARKING","1000","31-08-2026 21:34:02","HAS_FINES"
"KA05AQ2138","","0","N/A","KA05AQ2138","N/A","N/A","N/A","N/A","NO FINES FOUND","0","31-08-2026 21:34:05","NO_FINES"
"KA05AQ2141","","1500","82415402","KA05AQ2141","15-07-2026","29-06-2026","02:31","Indiranagar, 12th Main Rd, HAL 2nd Stage, Jn (ITMS CAMERA)","JUMPING TRAFFIC SIGNALS","500","31-08-2026 21:34:09","HAS_FINES"
"KA05AQ2141","","1500","82845754","KA05AQ2141","15-07-2026","01-07-2026","03:11","Koramangala Aishwarya Jn (ITMS CAMERA)","JUMPING TRAFFIC SIGNALS","500","31-08-2026 21:34:09","HAS_FINES"
"KA05AQ2141","","1500","82143614","KA05AQ2141","14-07-2026","01-07-2026","09:16","ASTraM APP VIOLATION","JUMPING TRAFFIC SIGNALS","500","31-08-2026 21:34:09","HAS_FINES"
"KA51AL0773","","2500","82238123","KA51AL0773","15-07-2026","29-06-2026","05:56","Dr.Rajkumar Statue, Jn, Domlur (ITMS CAMERA)","PARKING NEAR TRAFFIC LIGHT / STOPPING ON ZEBRA CROSS","1000","31-08-2026 21:34:12","HAS_FINES"
"KA51AL0773","","2500","83095027","KA51AL0773","17-07-2026","06-07-2026","22:51","Navaranga circle (ITMS CAMERA)","PARKING NEAR TRAFFIC LIGHT / STOPPING ON ZEBRA CROSS","1000","31-08-2026 21:34:12","HAS_FINES"
"KA51AL0773","","2500","85311330","KA51AL0773","31-08-2026","31-07-2026","02:43","Sampige Rd 18th cross road (ITMS CAMERA)","JUMPING TRAFFIC SIGNALS","500","31-08-2026 21:34:12","HAS_FINES"
"KA51AL0777","","500","85131776","KA51AL0777","28-08-2026","23-08-2026","16:42","AIRPORT TO CITY SPEED CAMERA BIAL ROAD","FAIL TO USE SAFETY BELTS","500","31-08-2026 21:34:16","HAS_FINES"
"KA51AL0740","","0","N/A","KA51AL0740","N/A","N/A","N/A","N/A","NO FINES FOUND","0","31-08-2026 21:34:19","NO_FINES"
"KA51AL0741","","0","N/A","KA51AL0741","N/A","N/A","N/A","N/A","NO FINES FOUND","0","31-08-2026 21:34:23","NO_FINES"
"KA51AL0781","","1000","84911335","KA51AL0781","25-08-2026","30-06-2026","12:45","ASTraM APP VIOLATION","PARKING IN A MAIN ROAD","1000","31-08-2026 21:34:26","HAS_FINES"
"KA51AL0743","","0","N/A","KA51AL0743","N/A","N/A","N/A","N/A","NO FINES FOUND","0","31-08-2026 21:34:30","NO_FINES"
"KA51AL0783","","0","N/A","KA51AL0783","N/A","N/A","N/A","N/A","NO FINES FOUND","0","31-08-2026 21:34:33","NO_FINES"
"KA51AL0746","","500","84411035","KA51AL0746","12-08-2026","17-07-2026","18:09","Koramangala Aishwarya Jn (ITMS CAMERA)","JUMPING TRAFFIC SIGNALS","500","31-08-2026 21:34:36","HAS_FINES"
"KA51AL0784","","3500","82891370","KA51AL0784","15-07-2026","17-06-2026","14:48","AIRPORT TO CITY SPEED CAMERA BIAL ROAD","FAIL TO USE SAFETY BELTS","500","31-08-2026 21:34:40","HAS_FINES"
"KA51AL0784","","3500","82753634","KA51AL0784","15-07-2026","24-06-2026","09:28","AIRPORT TO CITY SPEED CAMERA BIAL ROAD","FAIL TO USE SAFETY BELTS","500","31-08-2026 21:34:40","HAS_FINES"
"KA51AL0784","","3500","82332874","KA51AL0784","15-07-2026","25-06-2026","17:45","AIRPORT TO CITY SPEED CAMERA BIAL ROAD","FAIL TO USE SAFETY BELTS","500","31-08-2026 21:34:40","HAS_FINES"
"KA51AL0784","","3500","82297672","KA51AL0784","15-07-2026","02-07-2026","17:21","AIRPORT TO CITY SPEED CAMERA BIAL ROAD","FAIL TO USE SAFETY BELTS","500","31-08-2026 21:34:40","HAS_FINES"
"KA51AL0784","","3500","82931297","KA51AL0784","15-07-2026","03-07-2026","08:47","AIRPORT TO CITY SPEED CAMERA BIAL ROAD","FAIL TO USE SAFETY BELTS","500","31-08-2026 21:34:40","HAS_FINES"
"KA51AL0784","","3500","84979705","KA51AL0784","27-08-2026","03-07-2026","07:18","ASTraM APP VIOLATION","NO PARKING","1000","31-08-2026 21:34:40","HAS_FINES"
"KA51AL0745","","0","N/A","KA51AL0745","N/A","N/A","N/A","N/A","NO FINES FOUND","0","31-08-2026 21:35:18","NO_FINES"
"KA05AQ3644","","2000","82126098","KA05AQ3644","14-07-2026","27-05-2026","10:43","ASTraM APP VIOLATION","WRONG PARKING","1000","31-08-2026 21:35:22","HAS_FINES"
"KA05AQ3644","","2000","82906826","KA05AQ3644","15-07-2026","30-06-2026","07:45","Banaswadi 7th Mn Rd, 2nd crs Om ShaktiTemple Jn(ITMS CAMERA)","FAIL TO USE SAFETY BELTS","500","31-08-2026 21:35:22","HAS_FINES"
"KA05AQ3644","","2000","83357489","KA05AQ3644","23-07-2026","22-07-2026","08:06","Thanisandra Road","FAIL TO USE SAFETY BELTS","500","31-08-2026 21:35:22","HAS_FINES"
"KA05AQ3643","","2000","84504603","KA05AQ3643","14-08-2026","11-04-2026","10:26","ASTraM APP VIOLATION","PARKING IN A MAIN ROAD","1000","31-08-2026 21:35:25","HAS_FINES"
"KA05AQ3643","","2000","84911497","KA05AQ3643","25-08-2026","30-06-2026","17:17","ASTraM APP VIOLATION","PARKING IN A MAIN ROAD","1000","31-08-2026 21:35:25","HAS_FINES"
"KA05AQ3637","","0","N/A","KA05AQ3637","N/A","N/A","N/A","N/A","NO FINES FOUND","0","31-08-2026 21:35:29","NO_FINES"
"KA05AQ2883","","0","N/A","KA05AQ2883","N/A","N/A","N/A","N/A","NO FINES FOUND","0","31-08-2026 21:35:32","NO_FINES"
"KA05AQ2873","","1500","82477338","KA05AQ2873","15-07-2026","23-06-2026","00:48","K H road , Siddiah road Jn (ITMS CAMERA)","JUMPING TRAFFIC SIGNALS","500","31-08-2026 21:35:36","HAS_FINES"
"KA05AQ2873","","1500","85268667","KA05AQ2873","31-08-2026","21-07-2026","10:45","ASTraM APP VIOLATION","NO PARKING","1000","31-08-2026 21:35:36","HAS_FINES"
"KA05AQ2882","","500","82571045","KA05AQ2882","15-07-2026","22-06-2026","14:47","HAL Old Airport Rd Leela Palace op Jn (ITMS CAMERA)","FAIL TO USE SAFETY BELTS","500","31-08-2026 21:35:39","HAS_FINES"
"KA05AQ2887","","0","N/A","KA05AQ2887","N/A","N/A","N/A","N/A","NO FINES FOUND","0","31-08-2026 21:35:43","NO_FINES"
"KA05AQ2872","","0","N/A","KA05AQ2872","N/A","N/A","N/A","N/A","NO FINES FOUND","0","31-08-2026 21:35:46","NO_FINES"
"KA05AQ2874","","0","N/A","KA05AQ2874","N/A","N/A","N/A","N/A","NO FINES FOUND","0","31-08-2026 21:35:49","NO_FINES"
"KA05AQ3838","","500","83204401","KA05AQ3838","20-07-2026","05-07-2026","04:58","Koramangala Aishwarya Jn (ITMS CAMERA)","JUMPING TRAFFIC SIGNALS","500","31-08-2026 21:35:53","HAS_FINES"
"KA05AQ3649","","1500","82632411","KA05AQ3649","15-07-2026","19-06-2026","05:24","Navaranga circle (ITMS CAMERA)","JUMPING TRAFFIC SIGNALS","500","31-08-2026 21:35:56","HAS_FINES"
"KA05AQ3649","","1500","84343485","KA05AQ3649","10-08-2026","08-08-2026","10:46","NH75 Kolar Road","FAIL TO USE SAFETY BELTS","500","31-08-2026 21:35:56","HAS_FINES"
"KA05AQ3649","","1500","84366720","KA05AQ3649","11-08-2026","10-08-2026","09:38","NH75 Kolar Road","FAIL TO USE SAFETY BELTS","500","31-08-2026 21:35:56","HAS_FINES"
"KA05AQ3839","","0","N/A","KA05AQ3839","N/A","N/A","N/A","N/A","NO FINES FOUND","0","31-08-2026 21:36:00","NO_FINES"
"KA51AL1762","","2000","82071551","KA51AL1762","14-07-2026","20-05-2026","08:50","ASTraM APP VIOLATION","PARKING IN A MAIN ROAD","1000","31-08-2026 21:36:03","HAS_FINES"
"KA51AL1762","","2000","82147913","KA51AL1762","14-07-2026","25-05-2026","09:46","ASTraM APP VIOLATION","PARKING IN A MAIN ROAD","1000","31-08-2026 21:36:03","HAS_FINES"
"KA51AL1757","","0","N/A","KA51AL1757","N/A","N/A","N/A","N/A","NO FINES FOUND","0","31-08-2026 21:36:07","NO_FINES"
"KA51AL1756","","0","N/A","KA51AL1756","N/A","N/A","N/A","N/A","NO FINES FOUND","0","31-08-2026 21:36:10","NO_FINES"
"KA51AL1760","","0","N/A","KA51AL1760","N/A","N/A","N/A","N/A","NO FINES FOUND","0","31-08-2026 21:36:14","NO_FINES"
"KA51AL1767","","2500","82629184","KA51AL1767","15-07-2026","15-06-2026","04:09","Sadashivanagar ps Jn (ITMS CAMERA)","JUMPING TRAFFIC SIGNALS","500","31-08-2026 21:36:17","HAS_FINES"
"KA51AL1767","","2500","82521519","KA51AL1767","15-07-2026","23-06-2026","05:03","BTM 29th Main Axa Signal (ITMS CAMERA)","JUMPING TRAFFIC SIGNALS","500","31-08-2026 21:36:17","HAS_FINES"
"KA51AL1767","","2500","82640296","KA51AL1767","15-07-2026","03-07-2026","01:34","BTM 29th Main Axa Signal (ITMS CAMERA)","JUMPING TRAFFIC SIGNALS","500","31-08-2026 21:36:17","HAS_FINES"
"KA51AL1767","","2500","84600558","KA51AL1767","16-08-2026","17-07-2026","04:39","BTM 29th Main Axa Signal (ITMS CAMERA)","JUMPING TRAFFIC SIGNALS","500","31-08-2026 21:36:17","HAS_FINES"
"KA51AL1767","","2500","84927214","KA51AL1767","25-08-2026","27-07-2026","05:09","BTM 29th Main Axa Signal (ITMS CAMERA)","JUMPING TRAFFIC SIGNALS","500","31-08-2026 21:36:17","HAS_FINES"
"KA51AL1768","","0","N/A","KA51AL1768","N/A","N/A","N/A","N/A","NO FINES FOUND","0","31-08-2026 21:36:21","NO_FINES"
"KA51AL1761","","500","82920107","KA51AL1761","15-07-2026","19-06-2026","08:15","AIRPORT TO CITY SPEED CAMERA BIAL ROAD","FAIL TO USE SAFETY BELTS","500","31-08-2026 21:36:24","HAS_FINES"
"KA51AL1786","","2000","82603860","KA51AL1786","15-07-2026","20-06-2026","23:10","Dr MC Modi hospital road Jn (ITMS CAMERA)","JUMPING TRAFFIC SIGNALS","500","31-08-2026 21:36:28","HAS_FINES"
"KA51AL1786","","2000","82582086","KA51AL1786","15-07-2026","20-06-2026","22:11","Kalasipalya Main Rd Jn (ITMS CAMERA)","JUMPING TRAFFIC SIGNALS","500","31-08-2026 21:36:28","HAS_FINES"
"KA51AL1786","","2000","82695649","KA51AL1786","15-07-2026","01-07-2026","03:23","BTM 29th Main Axa Signal (ITMS CAMERA)","JUMPING TRAFFIC SIGNALS","500","31-08-2026 21:36:28","HAS_FINES"
"KA51AL1786","","2000","82713860","KA51AL1786","15-07-2026","04-07-2026","22:09","Koramangala Aishwarya Jn (ITMS CAMERA)","JUMPING TRAFFIC SIGNALS","500","31-08-2026 21:36:28","HAS_FINES"
"KA51AL1787","","0","N/A","KA51AL1787","N/A","N/A","N/A","N/A","NO FINES FOUND","0","31-08-2026 21:36:31","NO_FINES"
"KA51AL1798","","0","N/A","KA51AL1798","N/A","N/A","N/A","N/A","NO FINES FOUND","0","31-08-2026 21:36:35","NO_FINES"
"KA51AL1799","","2000","85163274","KA51AL1799","29-08-2026","16-07-2026","09:14","ASTraM APP VIOLATION","PARKING IN A MAIN ROAD","1000","31-08-2026 21:36:38","HAS_FINES"
"KA51AL1799","","2000","85164220","KA51AL1799","29-08-2026","17-07-2026","08:55","ASTraM APP VIOLATION","PARKING IN A MAIN ROAD","1000","31-08-2026 21:36:38","HAS_FINES"
"KA51AL1800","","0","N/A","KA51AL1800","N/A","N/A","N/A","N/A","NO FINES FOUND","0","01-09-2026 12:19:37","NO_FINES"
"KA51AL1801","","1000","82483919","KA51AL1801","15-07-2026","25-06-2026","00:02","Banaswadi 7th Mn Rd, 2nd crs Om ShaktiTemple Jn(ITMS CAMERA)","JUMPING TRAFFIC SIGNALS","500","01-09-2026 12:19:42","HAS_FINES"
"KA51AL1801","","1000","84192498","KA51AL1801","06-08-2026","18-07-2026","01:03","Koramangala Aishwarya Jn (ITMS CAMERA)","JUMPING TRAFFIC SIGNALS","500","01-09-2026 12:19:42","HAS_FINES"
"KA05AQ4845","","500","83840120","KA05AQ4845","30-07-2026","09-07-2026","04:02","BTM 29th Main Axa Signal (ITMS CAMERA)","JUMPING TRAFFIC SIGNALS","500","01-09-2026 12:19:47","HAS_FINES"
"KA05AQ4862","","1500","82109060","KA05AQ4862","14-07-2026","18-05-2026","19:45","ASTraM APP VIOLATION","PARKING IN A MAIN ROAD","1000","01-09-2026 12:19:52","HAS_FINES"
"KA05AQ4862","","1500","82677296","KA05AQ4862","15-07-2026","02-07-2026","01:09","Indiranagar, 12th Main Rd, HAL 2nd Stage, Jn (ITMS CAMERA)","JUMPING TRAFFIC SIGNALS","500","01-09-2026 12:19:52","HAS_FINES"
"KA05AQ4819","","2000","82113672","KA05AQ4819","14-07-2026","19-05-2026","13:44","ASTraM APP VIOLATION","PARKING IN A MAIN ROAD","1000","01-09-2026 12:19:56","HAS_FINES"
"KA05AQ4819","","2000","83792688","KA05AQ4819","30-07-2026","10-07-2026","14:56","ASTraM APP VIOLATION","STOPPING/PARKING ON STOP LINE","1000","01-09-2026 12:19:56","HAS_FINES"
"KA05AQ4808","","1000","82308214","KA05AQ4808","15-07-2026","29-06-2026","22:25","Old Madras Road 80 Feet cross Road (ITMS CAMERA)","JUMPING TRAFFIC SIGNALS","500","01-09-2026 12:20:01","HAS_FINES"
"KA05AQ4808","","1000","84018120","KA05AQ4808","03-08-2026","09-07-2026","03:36","Navaranga circle (ITMS CAMERA)","JUMPING TRAFFIC SIGNALS","500","01-09-2026 12:20:01","HAS_FINES"
"KA05AQ4822","","2000","82518187","KA05AQ4822","15-07-2026","23-06-2026","22:04","Sadashivanagar ps Jn (ITMS CAMERA)","JUMPING TRAFFIC SIGNALS","500","01-09-2026 12:20:06","HAS_FINES"
"KA05AQ4822","","2000","82691523","KA05AQ4822","15-07-2026","09-07-2026","15:17","KR Pura to ITPL Road","FAIL TO USE SAFETY BELTS","500","01-09-2026 12:20:06","HAS_FINES"
"KA05AQ4822","","2000","85258826","KA05AQ4822","31-08-2026","22-07-2026","11:34","ASTraM APP VIOLATION","PARKING IN A MAIN ROAD","1000","01-09-2026 12:20:06","HAS_FINES"
"KA05AQ4826","","500","84379150","KA05AQ4826","11-08-2026","10-08-2026","10:05","TVDS Briand Circle","FAIL TO USE SAFETY BELTS","500","01-09-2026 12:20:11","HAS_FINES"
"KA05AQ4831","","500","82366498","KA05AQ4831","15-07-2026","26-06-2026","01:25","Banaswadi 7th Mn Rd, 2nd crs Om ShaktiTemple Jn(ITMS CAMERA)","JUMPING TRAFFIC SIGNALS","500","01-09-2026 12:20:15","HAS_FINES"
"KA05AQ4840","","1500","82340199","KA05AQ4840","15-07-2026","29-06-2026","00:19","Navaranga circle (ITMS CAMERA)","PARKING NEAR TRAFFIC LIGHT / STOPPING ON ZEBRA CROSS","1000","01-09-2026 12:20:20","HAS_FINES"
"KA05AQ4840","","1500","82139013","KA05AQ4840","14-07-2026","30-06-2026","17:01","ASTraM APP VIOLATION","ONE WAY/NO ENTRY","500","01-09-2026 12:20:20","HAS_FINES"
"KA05AQ4841","","1500","82608394","KA05AQ4841","15-07-2026","19-06-2026","22:55","Jayanagar 4th main 27th cross (ITMS CAMERA)","JUMPING TRAFFIC SIGNALS","500","01-09-2026 12:20:25","HAS_FINES"
"KA05AQ4841","","1500","83285560","KA05AQ4841","22-07-2026","13-07-2026","20:07","ASTraM APP VIOLATION","NO PARKING","1000","01-09-2026 12:20:25","HAS_FINES"
"KA05AQ4851","","2000","82107701","KA05AQ4851","14-07-2026","18-05-2026","09:01","ASTraM APP VIOLATION","PARKING IN A MAIN ROAD","1000","01-09-2026 12:20:29","HAS_FINES"
"KA05AQ4851","","2000","82964975","KA05AQ4851","15-07-2026","01-07-2026","01:43","Old Madras Road 80 Feet cross Road (ITMS CAMERA)","JUMPING TRAFFIC SIGNALS","500","01-09-2026 12:20:29","HAS_FINES"
"KA05AQ4851","","2000","84381063","KA05AQ4851","11-08-2026","20-07-2026","07:51","Banaswadi 7th Mn Rd, 2nd crs Om ShaktiTemple Jn(ITMS CAMERA)","FAIL TO USE SAFETY BELTS","500","01-09-2026 12:20:29","HAS_FINES"
"KA05AN9208","","1500","82607343","KA05AN9208","15-07-2026","19-06-2026","07:20","Navaranga circle (ITMS CAMERA)","PARKING NEAR TRAFFIC LIGHT / STOPPING ON ZEBRA CROSS","1000","01-09-2026 12:20:34","HAS_FINES"
"KA05AN9208","","1500","82531239","KA05AN9208","15-07-2026","20-06-2026","01:49","JP Nagar,35th Main Rd, 15 cross Jn (ITMS CAMERA)","JUMPING TRAFFIC SIGNALS","500","01-09-2026 12:20:34","HAS_FINES"
"KA05AQ4821","","500","83996402","KA05AQ4821","03-08-2026","15-07-2026","17:45","Koaramangala wipro park Jn (ITMS CAMERA)","JUMPING TRAFFIC SIGNALS","500","01-09-2026 12:20:39","HAS_FINES"
"KA05AQ4793","","2500","82586048","KA05AQ4793","15-07-2026","19-06-2026","05:16","Indiranagar, 12th Main Rd, HAL 2nd Stage, Jn (ITMS CAMERA)","PARKING NEAR TRAFFIC LIGHT / STOPPING ON ZEBRA CROSS","1000","01-09-2026 12:20:44","HAS_FINES"
"KA05AQ4793","","2500","82533120","KA05AQ4793","15-07-2026","19-06-2026","23:46","Indiranagar, 12th Main Rd, HAL 2nd Stage, Jn (ITMS CAMERA)","JUMPING TRAFFIC SIGNALS","500","01-09-2026 12:20:44","HAS_FINES"
"KA05AQ4793","","2500","85265464","KA05AQ4793","31-08-2026","21-07-2026","09:30","ASTraM APP VIOLATION","PARKING IN A MAIN ROAD","1000","01-09-2026 12:20:44","HAS_FINES"
"KA05AQ4825","","2000","83920107","KA05AQ4825","03-08-2026","14-07-2026","14:25","Srinivagilu MN RD ganapathi temple rd cross Jn","FAIL TO USE SAFETY BELTS","500","01-09-2026 12:20:48","HAS_FINES"
"KA05AQ4825","","2000","84195141","KA05AQ4825","06-08-2026","18-07-2026","09:26","BTM 29th Main Axa Signal (ITMS CAMERA)","FAIL TO USE SAFETY BELTS","500","01-09-2026 12:20:48","HAS_FINES"
"KA05AQ4825","","2000","84865524","KA05AQ4825","24-08-2026","27-07-2026","16:07","Hosur Mn Rd Tavarekere Main Rd Jn (ITMS CAMERA)","FAIL TO USE SAFETY BELTS","500","01-09-2026 12:20:48","HAS_FINES"
"KA05AQ4825","","2000","83740984","KA05AQ4825","29-07-2026","28-07-2026","15:52","Devenahalli road","FAIL TO USE SAFETY BELTS","500","01-09-2026 12:20:48","HAS_FINES"
"KA05AQ4843","","3000","82091189","KA05AQ4843","14-07-2026","17-05-2026","09:40","ASTraM APP VIOLATION","ONE WAY/NO ENTRY","500","01-09-2026 12:20:53","HAS_FINES"
"KA05AQ4843","","3000","82132879","KA05AQ4843","14-07-2026","24-05-2026","09:26","ASTraM APP VIOLATION","JUMPING TRAFFIC SIGNALS","500","01-09-2026 12:20:53","HAS_FINES"
"KA05AQ4843","","3000","85048973","KA05AQ4843","28-08-2026","25-07-2026","05:05","Indiranagar, 12th Main Rd, HAL 2nd Stage, Jn (ITMS CAMERA)","PARKING NEAR TRAFFIC LIGHT / STOPPING ON ZEBRA CROSS","1000","01-09-2026 12:20:53","HAS_FINES"
"KA05AQ4843","","3000","83734773","KA05AQ4843","29-07-2026","26-07-2026","12:33","SLF CAMERA CHIKKAJALA","FAIL TO USE SAFETY BELTS","500","01-09-2026 12:20:53","HAS_FINES"
"KA05AQ4843","","3000","84470996","KA05AQ4843","13-08-2026","10-08-2026","16:24","AIRPORT TO CITY SPEED CAMERA BIAL ROAD","FAIL TO USE SAFETY BELTS","500","01-09-2026 12:20:53","HAS_FINES"
"KA05AQ4835","","1000","82524186","KA05AQ4835","15-07-2026","23-06-2026","05:03","Banaswadi 7th Mn Rd, 2nd crs Om ShaktiTemple Jn(ITMS CAMERA)","JUMPING TRAFFIC SIGNALS","500","01-09-2026 12:20:58","HAS_FINES"
"KA05AQ4835","","1000","82259057","KA05AQ4835","15-07-2026","24-06-2026","09:57","Hosur Mn Rd Koramangala 80 Ft Rd Jn (ITMS CAMERA)","FAIL TO USE SAFETY BELTS","500","01-09-2026 12:20:58","HAS_FINES"
"KA05AQ4868","","3000","82561504","KA05AQ4868","15-07-2026","21-06-2026","03:59","Indiranagar, 12th Main Rd, HAL 2nd Stage, Jn (ITMS CAMERA)","JUMPING TRAFFIC SIGNALS","500","01-09-2026 12:21:03","HAS_FINES"
"KA05AQ4868","","3000","82238381","KA05AQ4868","15-07-2026","23-06-2026","00:56","Jayanagar 4th main 27th cross (ITMS CAMERA)","PARKING NEAR TRAFFIC LIGHT / STOPPING ON ZEBRA CROSS","1000","01-09-2026 12:21:03","HAS_FINES"
"KA05AQ4868","","3000","82238392","KA05AQ4868","15-07-2026","23-06-2026","00:51","Kanakapur road Vanivilas Road Jn (ITMS CAMERA)","JUMPING TRAFFIC SIGNALS","500","01-09-2026 12:21:03","HAS_FINES"
"KA05AQ4868","","3000","82268536","KA05AQ4868","15-07-2026","24-06-2026","04:33","Indiranagar, 12th Main Rd, HAL 2nd Stage, Jn (ITMS CAMERA)","JUMPING TRAFFIC SIGNALS","500","01-09-2026 12:21:03","HAS_FINES"
"KA05AQ4868","","3000","82913439","KA05AQ4868","15-07-2026","02-07-2026","05:21","K H road , Siddiah road Jn (ITMS CAMERA)","JUMPING TRAFFIC SIGNALS","500","01-09-2026 12:21:03","HAS_FINES"
"KA05AQ7117","","0","N/A","KA05AQ7117","N/A","N/A","N/A","N/A","NO FINES FOUND","0","01-09-2026 12:21:08","NO_FINES"
"KA05AQ7121","","1000","84917262","KA05AQ7121","25-08-2026","28-06-2026","15:09","ASTraM APP VIOLATION","PARKING IN A MAIN ROAD","1000","01-09-2026 12:21:12","HAS_FINES"
"KA05AQ7122","","0","N/A","KA05AQ7122","N/A","N/A","N/A","N/A","NO FINES FOUND","0","01-09-2026 12:21:17","NO_FINES"
"KA05AQ7119","","0","N/A","KA05AQ7119","N/A","N/A","N/A","N/A","NO FINES FOUND","0","01-09-2026 12:21:22","NO_FINES"
"KA05AQ7129","","0","N/A","KA05AQ7129","N/A","N/A","N/A","N/A","NO FINES FOUND","0","01-09-2026 12:21:26","NO_FINES"
"KA05AQ8212","","0","N/A","KA05AQ8212","N/A","N/A","N/A","N/A","NO FINES FOUND","0","01-09-2026 12:21:31","NO_FINES"
"KA05AQ8216","","500","84443002","KA05AQ8216","12-08-2026","11-08-2026","11:22","Sarjapura Road","FAIL TO USE SAFETY BELTS","500","01-09-2026 12:21:35","HAS_FINES"
"KA05AQ8208","","0","N/A","KA05AQ8208","N/A","N/A","N/A","N/A","NO FINES FOUND","0","01-09-2026 12:21:40","NO_FINES"
"KA05AQ8209","","2000","84549852","KA05AQ8209","15-08-2026","11-04-2026","20:00","ASTraM APP VIOLATION","PARKING IN A MAIN ROAD","1000","01-09-2026 12:21:45","HAS_FINES"
"KA05AQ8209","","2000","83132226","KA05AQ8209","18-07-2026","06-07-2026","03:03","Banaswadi 7th Mn Rd, 2nd crs Om ShaktiTemple Jn(ITMS CAMERA)","JUMPING TRAFFIC SIGNALS","500","01-09-2026 12:21:45","HAS_FINES"
"KA05AQ8209","","2000","84638801","KA05AQ8209","18-08-2026","17-08-2026","07:49","TVDS 16th Main Road, BTM Layout","FAIL TO USE SAFETY BELTS","500","01-09-2026 12:21:45","HAS_FINES"
"KA05AQ8207","","0","N/A","KA05AQ8207","N/A","N/A","N/A","N/A","NO FINES FOUND","0","01-09-2026 12:21:49","NO_FINES"
"KA51AL9545","","2000","82434206","KA51AL9545","15-07-2026","28-06-2026","05:36","Sampige Rd 18th cross road (ITMS CAMERA)","JUMPING TRAFFIC SIGNALS","500","01-09-2026 12:21:54","HAS_FINES"
"KA51AL9545","","2000","82260872","KA51AL9545","15-07-2026","30-06-2026","15:22","New Bell road Ramaiah hospital (ITMS CAMERA)","JUMPING TRAFFIC SIGNALS","500","01-09-2026 12:21:54","HAS_FINES"
"KA51AL9545","","2000","84699351","KA51AL9545","19-08-2026","17-07-2026","02:39","Indiranagar, 12th Main Rd, HAL 2nd Stage, Jn (ITMS CAMERA)","JUMPING TRAFFIC SIGNALS","500","01-09-2026 12:21:54","HAS_FINES"
"KA51AL9545","","2000","85070290","KA51AL9545","28-08-2026","26-07-2026","04:59","Koramangala Aishwarya Jn (ITMS CAMERA)","JUMPING TRAFFIC SIGNALS","500","01-09-2026 12:21:54","HAS_FINES"
"KA51AL9543","","500","82567339","KA51AL9543","15-07-2026","16-06-2026","00:18","Sadashivanagar ps Jn (ITMS CAMERA)","JUMPING TRAFFIC SIGNALS","500","01-09-2026 12:21:59","HAS_FINES"
"KA51AL9548","","1000","82521231","KA51AL9548","15-07-2026","23-06-2026","01:19","Indiranagar, 12th Main Rd, HAL 2nd Stage, Jn (ITMS CAMERA)","JUMPING TRAFFIC SIGNALS","500","01-09-2026 12:22:04","HAS_FINES"
"KA51AL9548","","1000","82718561","KA51AL9548","15-07-2026","04-07-2026","01:32","Indiranagar, 12th Main Rd, HAL 2nd Stage, Jn (ITMS CAMERA)","JUMPING TRAFFIC SIGNALS","500","01-09-2026 12:22:04","HAS_FINES"
"KA51AL9582","","1000","84923442","KA51AL9582","25-08-2026","30-06-2026","13:54","ASTraM APP VIOLATION","PARKING IN A MAIN ROAD","1000","01-09-2026 12:22:08","HAS_FINES"
"KA51AL9646","","3000","84433041","KA51AL9646","12-08-2026","17-07-2026","22:19","Indiranagar, 12th Main Rd, HAL 2nd Stage, Jn (ITMS CAMERA)","JUMPING TRAFFIC SIGNALS","500","01-09-2026 12:22:13","HAS_FINES"
"KA51AL9646","","3000","84369851","KA51AL9646","11-08-2026","17-07-2026","00:43","BTM 29th Main Axa Signal (ITMS CAMERA)","PARKING NEAR TRAFFIC LIGHT / STOPPING ON ZEBRA CROSS","1000","01-09-2026 12:22:13","HAS_FINES"
"KA51AL9646","","3000","83649942","KA51AL9646","27-07-2026","25-07-2026","17:26","NH75 Kolar Road","FAIL TO USE SAFETY BELTS","500","01-09-2026 12:22:13","HAS_FINES"
"KA51AL9646","","3000","85395177","KA51AL9646","01-09-2026","27-07-2026","11:36","BTM 29th Main Axa Signal (ITMS CAMERA)","FAIL TO USE SAFETY BELTS","500","01-09-2026 12:22:13","HAS_FINES"
"KA51AL9646","","3000","84563099","KA51AL9646","15-08-2026","14-08-2026","10:47","KR Pura to ITPL Road","FAIL TO USE SAFETY BELTS","500","01-09-2026 12:22:13","HAS_FINES"
"KA51AL9656","","2000","82784087","KA51AL9656","15-07-2026","27-06-2026","05:54","New Bell road Ramaiah hospital (ITMS CAMERA)","JUMPING TRAFFIC SIGNALS","500","01-09-2026 12:22:18","HAS_FINES"
"KA51AL9656","","2000","82845868","KA51AL9656","15-07-2026","03-07-2026","17:38","Hosur Mn Rd Koramangala 80 Ft Rd Jn (ITMS CAMERA)","FAIL TO USE SAFETY BELTS","500","01-09-2026 12:22:18","HAS_FINES"
"KA51AL9656","","2000","83225339","KA51AL9656","20-07-2026","05-07-2026","05:07","Old Madras Road 80 Feet cross Road (ITMS CAMERA)","JUMPING TRAFFIC SIGNALS","500","01-09-2026 12:22:18","HAS_FINES"
"KA51AL9656","","2000","83239608","KA51AL9656","21-07-2026","06-07-2026","02:44","Banaswadi 7th Mn Rd, 2nd crs Om ShaktiTemple Jn(ITMS CAMERA)","JUMPING TRAFFIC SIGNALS","500","01-09-2026 12:22:18","HAS_FINES"
"KA51AL9660","","0","N/A","KA51AL9660","N/A","N/A","N/A","N/A","NO FINES FOUND","0","01-09-2026 12:22:22","NO_FINES"
"KA51AL9654","","2500","82507352","KA51AL9654","15-07-2026","22-06-2026","11:51","Hosur Mn Rd Tavarekere Main Rd Jn (ITMS CAMERA)","JUMPING TRAFFIC SIGNALS","500","01-09-2026 12:22:27","HAS_FINES"
"KA51AL9654","","2500","85242078","KA51AL9654","31-08-2026","22-07-2026","13:34","ASTraM APP VIOLATION","PARKING IN A MAIN ROAD","1000","01-09-2026 12:22:27","HAS_FINES"
"KA51AL9654","","2500","85364958","KA51AL9654","01-09-2026","28-07-2026","14:08","ASTraM APP VIOLATION","PARKING IN A MAIN ROAD","1000","01-09-2026 12:22:27","HAS_FINES"
"KA51AL9640","","3000","82854873","KA51AL9640","15-07-2026","01-07-2026","04:22","Old Madras Road 80 Feet cross Road (ITMS CAMERA)","PARKING NEAR TRAFFIC LIGHT / STOPPING ON ZEBRA CROSS","1000","01-09-2026 12:22:32","HAS_FINES"
"KA51AL9640","","3000","82772304","KA51AL9640","15-07-2026","02-07-2026","03:06","Banaswadi 7th Mn Rd, 2nd crs Om ShaktiTemple Jn(ITMS CAMERA)","JUMPING TRAFFIC SIGNALS","500","01-09-2026 12:22:32","HAS_FINES"
"KA51AL9640","","3000","84479757","KA51AL9640","13-08-2026","15-07-2026","03:52","BTM 29th Main Axa Signal (ITMS CAMERA)","JUMPING TRAFFIC SIGNALS","500","01-09-2026 12:22:32","HAS_FINES"
"KA51AL9640","","3000","85360533","KA51AL9640","01-09-2026","27-07-2026","15:29","ASTraM APP VIOLATION","PARKING IN A MAIN ROAD","1000","01-09-2026 12:22:32","HAS_FINES"
"KA51AL9638","","2500","82113110","KA51AL9638","14-07-2026","20-05-2026","07:32","ASTraM APP VIOLATION","PARKING IN A MAIN ROAD","1000","01-09-2026 12:22:37","HAS_FINES"
"KA51AL9638","","2500","82596915","KA51AL9638","15-07-2026","20-06-2026","05:00","K H road , Siddiah road Jn (ITMS CAMERA)","JUMPING TRAFFIC SIGNALS","500","01-09-2026 12:22:37","HAS_FINES"
"KA51AL9638","","2500","83215672","KA51AL9638","20-07-2026","18-07-2026","15:31","ORR Tin factory to Silk Board1","FAIL TO USE SAFETY BELTS","500","01-09-2026 12:22:37","HAS_FINES"
"KA51AL9638","","2500","84566113","KA51AL9638","15-08-2026","23-07-2026","09:40","Adugodi Main Rd Adugodi Jn (ITMS CAMERA)","JUMPING TRAFFIC SIGNALS","500","01-09-2026 12:22:37","HAS_FINES"
"KA51AL9658","","0","N/A","KA51AL9658","N/A","N/A","N/A","N/A","NO FINES FOUND","0","01-09-2026 12:22:41","NO_FINES"
"KA51AM1076","","1000","83998578","KA51AM1076","03-08-2026","01-08-2026","02:54","AIRPORT TO CITY SPEED CAMERA BIAL ROAD","PARKING NEAR TRAFFIC LIGHT / STOPPING ON ZEBRA CROSS","1000","01-09-2026 12:22:46","HAS_FINES"
"KA51AM1062","","0","N/A","KA51AM1062","N/A","N/A","N/A","N/A","NO FINES FOUND","0","01-09-2026 12:22:51","NO_FINES"
"KA51AM1064","","0","N/A","KA51AM1064","N/A","N/A","N/A","N/A","NO FINES FOUND","0","01-09-2026 12:22:55","NO_FINES"
"KA51AM1063","","500","82612534","KA51AM1063","15-07-2026","23-06-2026","13:31","Hosur Mn Rd Tavarekere Main Rd Jn (ITMS CAMERA)","JUMPING TRAFFIC SIGNALS","500","01-09-2026 12:23:00","HAS_FINES"
"KA51AM1065","","500","82599951","KA51AM1065","15-07-2026","20-06-2026","02:18","Sampige Rd 18th cross road (ITMS CAMERA)","JUMPING TRAFFIC SIGNALS","500","01-09-2026 12:23:05","HAS_FINES"
"KA51AM1982","","0","N/A","KA51AM1982","N/A","N/A","N/A","N/A","NO FINES FOUND","0","01-09-2026 12:23:09","NO_FINES"
"KA51AM1988","","0","N/A","KA51AM1988","N/A","N/A","N/A","N/A","NO FINES FOUND","0","01-09-2026 12:23:14","NO_FINES"
"KA51AM1994","","2000","82471952","KA51AM1994","15-07-2026","23-06-2026","03:34","Banaswadi 7th Mn Rd, 2nd crs Om ShaktiTemple Jn(ITMS CAMERA)","JUMPING TRAFFIC SIGNALS","500","01-09-2026 12:23:18","HAS_FINES"
"KA51AM1994","","2000","82174941","KA51AM1994","15-07-2026","25-06-2026","12:01","AIRPORT TO CITY SPEED CAMERA BIAL ROAD","PARKING NEAR TRAFFIC LIGHT / STOPPING ON ZEBRA CROSS","1000","01-09-2026 12:23:18","HAS_FINES"
"KA51AM1994","","2000","83396389","KA51AM1994","23-07-2026","08-07-2026","23:21","K H road , Siddiah road Jn (ITMS CAMERA)","JUMPING TRAFFIC SIGNALS","500","01-09-2026 12:23:18","HAS_FINES"
"KA51AM1983","","0","N/A","KA51AM1983","N/A","N/A","N/A","N/A","NO FINES FOUND","0","01-09-2026 12:23:23","NO_FINES"
"KA51AM1978","","1500","83447326","KA51AM1978","24-07-2026","08-07-2026","02:17","Banaswadi 7th Mn Rd, 2nd crs Om ShaktiTemple Jn(ITMS CAMERA)","JUMPING TRAFFIC SIGNALS","500","01-09-2026 12:23:28","HAS_FINES"
"KA51AM1978","","1500","84836827","KA51AM1978","24-08-2026","21-07-2026","01:45","New Bell road Ramaiah hospital (ITMS CAMERA)","PARKING NEAR TRAFFIC LIGHT / STOPPING ON ZEBRA CROSS","1000","01-09-2026 12:23:28","HAS_FINES"
"KA51AM1966","","3500","82518589","KA51AM1966","15-07-2026","23-06-2026","06:59","Indiranagar, 12th Main Rd, HAL 2nd Stage, Jn (ITMS CAMERA)","JUMPING TRAFFIC SIGNALS","500","01-09-2026 12:46:20","HAS_FINES"
"KA51AM1966","","3500","84998954","KA51AM1966","27-08-2026","03-07-2026","16:01","ASTraM APP VIOLATION","NO PARKING","1000","01-09-2026 12:46:20","HAS_FINES"
"KA51AM1966","","3500","85176800","KA51AM1966","29-08-2026","15-07-2026","09:45","ASTraM APP VIOLATION","PARKING ON FOOTPATH","1000","01-09-2026 12:46:20","HAS_FINES"
"KA51AM1966","","3500","83535342","KA51AM1966","25-07-2026","23-07-2026","02:29","AIRPORT TO CITY SPEED CAMERA BIAL ROAD","PARKING NEAR TRAFFIC LIGHT / STOPPING ON ZEBRA CROSS","1000","01-09-2026 12:46:20","HAS_FINES"
"KA51AM1993","","2500","82235317","KA51AM1993","15-07-2026","30-06-2026","06:16","Dr.Rajkumar Statue, Jn, Domlur (ITMS CAMERA)","PARKING NEAR TRAFFIC LIGHT / STOPPING ON ZEBRA CROSS","1000","01-09-2026 12:46:25","HAS_FINES"
"KA51AM1993","","2500","82848857","KA51AM1993","15-07-2026","04-07-2026","04:57","JP Nagar,35th Main Rd, 15 cross Jn (ITMS CAMERA)","JUMPING TRAFFIC SIGNALS","500","01-09-2026 12:46:25","HAS_FINES"
"KA51AM1993","","2500","83095820","KA51AM1993","17-07-2026","05-07-2026","23:55","Indiranagar, 12th Main Rd, HAL 2nd Stage, Jn (ITMS CAMERA)","JUMPING TRAFFIC SIGNALS","500","01-09-2026 12:46:25","HAS_FINES"
"KA51AM1993","","2500","84063778","KA51AM1993","03-08-2026","16-07-2026","20:49","Mariyappa circle (ITMS CAMERA)","JUMPING TRAFFIC SIGNALS","500","01-09-2026 12:46:25","HAS_FINES"
"KA51AM2011","","500","82827341","KA51AM2011","15-07-2026","04-07-2026","09:50","Kanakapur road Vanivilas Road Jn (ITMS CAMERA)","JUMPING TRAFFIC SIGNALS","500","01-09-2026 12:46:29","HAS_FINES"
"KA51AM1985","","3000","82198584","KA51AM1985","15-07-2026","25-06-2026","16:51","AIRPORT TO CITY SPEED CAMERA BIAL ROAD","PARKING NEAR TRAFFIC LIGHT / STOPPING ON ZEBRA CROSS","1000","01-09-2026 12:46:34","HAS_FINES"
"KA51AM1985","","3000","82812937","KA51AM1985","15-07-2026","02-07-2026","01:56","Koramangala Aishwarya Jn (ITMS CAMERA)","JUMPING TRAFFIC SIGNALS","500","01-09-2026 12:46:34","HAS_FINES"
"KA51AM1985","","3000","84253506","KA51AM1985","07-08-2026","20-07-2026","17:11","Indiranagar KFC Jn (ITMS CAMERA)","JUMPING TRAFFIC SIGNALS","500","01-09-2026 12:46:34","HAS_FINES"
"KA51AM1985","","3000","84569780","KA51AM1985","15-08-2026","12-08-2026","11:16","AIRPORT TO CITY SPEED CAMERA BIAL ROAD","PARKING NEAR TRAFFIC LIGHT / STOPPING ON ZEBRA CROSS","1000","01-09-2026 12:46:34","HAS_FINES"
"KA51AM2000","","1500","82548040","KA51AM2000","15-07-2026","20-06-2026","23:53","Indiranagar, 12th Main Rd, HAL 2nd Stage, Jn (ITMS CAMERA)","JUMPING TRAFFIC SIGNALS","500","01-09-2026 12:46:39","HAS_FINES"
"KA51AM2000","","1500","82600817","KA51AM2000","15-07-2026","21-06-2026","14:13","Koramangala Aishwarya Jn (ITMS CAMERA)","PARKING NEAR TRAFFIC LIGHT / STOPPING ON ZEBRA CROSS","1000","01-09-2026 12:46:39","HAS_FINES"
"KA51AM1970","","1500","82629793","KA51AM1970","15-07-2026","21-06-2026","21:51","Jayanagar 4th main 27th cross (ITMS CAMERA)","PARKING NEAR TRAFFIC LIGHT / STOPPING ON ZEBRA CROSS","1000","01-09-2026 12:46:44","HAS_FINES"
"KA51AM1970","","1500","82775515","KA51AM1970","15-07-2026","04-07-2026","03:45","Indiranagar, 12th Main Rd, HAL 2nd Stage, Jn (ITMS CAMERA)","JUMPING TRAFFIC SIGNALS","500","01-09-2026 12:46:44","HAS_FINES"
"KA51AM2014","","0","N/A","KA51AM2014","N/A","N/A","N/A","N/A","NO FINES FOUND","0","01-09-2026 12:46:48","NO_FINES"
"KA51AM2004","","1000","82111158","KA51AM2004","14-07-2026","17-05-2026","19:11","ASTraM APP VIOLATION","PARKING IN A MAIN ROAD","1000","01-09-2026 12:46:53","HAS_FINES"
"KA51AM2015","","500","84096913","KA51AM2015","04-08-2026","15-07-2026","23:04","Indiranagar, 12th Main Rd, HAL 2nd Stage, Jn (ITMS CAMERA)","JUMPING TRAFFIC SIGNALS","500","01-09-2026 12:46:58","HAS_FINES"
"KA51AM1974","","2000","84404110","KA51AM1974","12-08-2026","07-04-2026","09:02","ASTraM APP VIOLATION","PARKING IN A MAIN ROAD","1000","01-09-2026 12:47:02","HAS_FINES"
"KA51AM1974","","2000","84822521","KA51AM1974","24-08-2026","17-04-2026","11:24","ASTraM APP VIOLATION","WRONG PARKING","1000","01-09-2026 12:47:02","HAS_FINES"
"KA51AM1979","","2000","84803488","KA51AM1979","24-08-2026","29-04-2026","14:43","ASTraM APP VIOLATION","PARKING IN A MAIN ROAD","1000","01-09-2026 12:47:07","HAS_FINES"
"KA51AM1979","","2000","82630234","KA51AM1979","15-07-2026","23-06-2026","01:54","Banaswadi 7th Mn Rd, 2nd crs Om ShaktiTemple Jn(ITMS CAMERA)","JUMPING TRAFFIC SIGNALS","500","01-09-2026 12:47:07","HAS_FINES"
"KA51AM1979","","2000","84473764","KA51AM1979","13-08-2026","15-07-2026","08:28","Navaranga circle (ITMS CAMERA)","JUMPING TRAFFIC SIGNALS","500","01-09-2026 12:47:07","HAS_FINES"
"KA51AM1999","","3500","82629772","KA51AM1999","15-07-2026","21-06-2026","08:28","Dodda Banaswadi Main Rd 7th Main Rd Jn (ITMS CAMERA)","FAIL TO USE SAFETY BELTS","500","01-09-2026 12:47:12","HAS_FINES"
"KA51AM1999","","3500","82628692","KA51AM1999","15-07-2026","21-06-2026","03:28","Indiranagar, 12th Main Rd, HAL 2nd Stage, Jn (ITMS CAMERA)","JUMPING TRAFFIC SIGNALS","500","01-09-2026 12:47:12","HAS_FINES"
"KA51AM1999","","3500","83097708","KA51AM1999","17-07-2026","03-07-2026","01:03","JP Nagar,35th Main Rd, 15 cross Jn (ITMS CAMERA)","JUMPING TRAFFIC SIGNALS","500","01-09-2026 12:47:12","HAS_FINES"
"KA51AM1999","","3500","83338596","KA51AM1999","22-07-2026","05-07-2026","10:41","JP Nagar,35th Main Rd, 15 cross Jn (ITMS CAMERA)","FAIL TO USE SAFETY BELTS","500","01-09-2026 12:47:12","HAS_FINES"
"KA51AM1999","","3500","82140113","KA51AM1999","14-07-2026","06-07-2026","20:04","ASTraM APP VIOLATION","WRONG PARKING","1000","01-09-2026 12:47:12","HAS_FINES"
"KA51AM1999","","3500","84933914","KA51AM1999","25-08-2026","30-07-2026","02:45","Indiranagar, 12th Main Rd, HAL 2nd Stage, Jn (ITMS CAMERA)","JUMPING TRAFFIC SIGNALS","500","01-09-2026 12:47:12","HAS_FINES"
"KA51AM2514","","2500","82052518","KA51AM2514","14-07-2026","20-05-2026","11:03","ASTraM APP VIOLATION","PARKING IN A MAIN ROAD","1000","01-09-2026 12:47:17","HAS_FINES"
"KA51AM2514","","2500","82414046","KA51AM2514","15-07-2026","27-06-2026","07:05","Jayanagar 4th main 27th cross (ITMS CAMERA)","JUMPING TRAFFIC SIGNALS","500","01-09-2026 12:47:17","HAS_FINES"
"KA51AM2514","","2500","85279383","KA51AM2514","31-08-2026","26-07-2026","17:23","Mariyappa circle (ITMS CAMERA)","PARKING NEAR TRAFFIC LIGHT / STOPPING ON ZEBRA CROSS","1000","01-09-2026 12:47:17","HAS_FINES"
"KA51AM2511","","0","N/A","KA51AM2511","N/A","N/A","N/A","N/A","NO FINES FOUND","0","01-09-2026 12:47:21","NO_FINES"
"KA51AM2555","","500","82930401","KA51AM2555","15-07-2026","02-07-2026","12:53","Navaranga circle (ITMS CAMERA)","JUMPING TRAFFIC SIGNALS","500","01-09-2026 12:47:26","HAS_FINES"
"KA51AM2528","","500","84618268","KA51AM2528","16-08-2026","17-07-2026","05:47","Kalasipalya Main Rd Jn (ITMS CAMERA)","JUMPING TRAFFIC SIGNALS","500","01-09-2026 12:47:30","HAS_FINES"
"KA51AM2523","","2000","82501243","KA51AM2523","15-07-2026","22-06-2026","00:28","BTM 29th Main Axa Signal (ITMS CAMERA)","JUMPING TRAFFIC SIGNALS","500","01-09-2026 12:47:35","HAS_FINES"
"KA51AM2523","","2000","82396973","KA51AM2523","15-07-2026","27-06-2026","07:10","Banaswadi 7th Mn Rd, 2nd crs Om ShaktiTemple Jn(ITMS CAMERA)","JUMPING TRAFFIC SIGNALS","500","01-09-2026 12:47:35","HAS_FINES"
"KA51AM2523","","2000","83604399","KA51AM2523","27-07-2026","26-07-2026","10:46","SLF CAMERA CHIKKAJALA","DRIVING AT EXCESSIVE SPEED 2W/3W/LMV","1000","01-09-2026 12:47:35","HAS_FINES"
"KA51AM2513","","4000","84807804","KA51AM2513","24-08-2026","17-04-2026","13:31","ASTraM APP VIOLATION","NO PARKING","1000","01-09-2026 12:47:40","HAS_FINES"
"KA51AM2513","","4000","82361645","KA51AM2513","15-07-2026","27-06-2026","06:41","Dr MC Modi hospital road Jn (ITMS CAMERA)","JUMPING TRAFFIC SIGNALS","500","01-09-2026 12:47:40","HAS_FINES"
"KA51AM2513","","4000","82310920","KA51AM2513","15-07-2026","30-06-2026","05:25","Indiranagar, 12th Main Rd, HAL 2nd Stage, Jn (ITMS CAMERA)","JUMPING TRAFFIC SIGNALS","500","01-09-2026 12:47:40","HAS_FINES"
"KA51AM2513","","4000","82974182","KA51AM2513","15-07-2026","02-07-2026","01:38","Old Madras Road 80 Feet cross Road (ITMS CAMERA)","JUMPING TRAFFIC SIGNALS","500","01-09-2026 12:47:40","HAS_FINES"
"KA51AM2513","","4000","82900451","KA51AM2513","15-07-2026","04-07-2026","17:02","Indiranagar, 12th Main Rd, HAL 2nd Stage, Jn (ITMS CAMERA)","JUMPING TRAFFIC SIGNALS","500","01-09-2026 12:47:40","HAS_FINES"
"KA51AM2513","","4000","82969471","KA51AM2513","15-07-2026","04-07-2026","01:14","BTM 29th Main Axa Signal (ITMS CAMERA)","JUMPING TRAFFIC SIGNALS","500","01-09-2026 12:47:40","HAS_FINES"
"KA51AM2513","","4000","84565972","KA51AM2513","15-08-2026","21-07-2026","02:35","BTM 29th Main Axa Signal (ITMS CAMERA)","JUMPING TRAFFIC SIGNALS","500","01-09-2026 12:47:40","HAS_FINES"
"KA51AM2521","","1000","82359578","KA51AM2521","15-07-2026","24-06-2026","14:37","Swami Vivekananda Rd, Murphy Town Jn (ITMS CAMERA)","FAIL TO USE SAFETY BELTS","500","01-09-2026 12:47:45","HAS_FINES"
"KA51AM2521","","1000","82675541","KA51AM2521","15-07-2026","04-07-2026","14:59","HAL Old Airport Rd Leela Palace op Jn (ITMS CAMERA)","FAIL TO USE SAFETY BELTS","500","01-09-2026 12:47:45","HAS_FINES"
"KA51AM2520","","1000","84990818","KA51AM2520","27-08-2026","01-07-2026","10:08","ASTraM APP VIOLATION","NO PARKING","1000","01-09-2026 12:47:49","HAS_FINES"
"KA51AM2556","","4000","82635364","KA51AM2556","15-07-2026","19-06-2026","05:06","Dr.Rajkumar Statue, Jn, Domlur (ITMS CAMERA)","JUMPING TRAFFIC SIGNALS","500","01-09-2026 12:47:54","HAS_FINES"
"KA51AM2556","","4000","82475659","KA51AM2556","15-07-2026","24-06-2026","04:18","Banaswadi 7th Mn Rd, 2nd crs Om ShaktiTemple Jn(ITMS CAMERA)","JUMPING TRAFFIC SIGNALS","500","01-09-2026 12:47:54","HAS_FINES"
"KA51AM2556","","4000","82378386","KA51AM2556","15-07-2026","27-06-2026","03:03","Indiranagar, 12th Main Rd, HAL 2nd Stage, Jn (ITMS CAMERA)","JUMPING TRAFFIC SIGNALS","500","01-09-2026 12:47:54","HAS_FINES"
"KA51AM2556","","4000","82488386","KA51AM2556","15-07-2026","29-06-2026","21:58","Banaswadi 7th Mn Rd, 2nd crs Om ShaktiTemple Jn(ITMS CAMERA)","PARKING NEAR TRAFFIC LIGHT / STOPPING ON ZEBRA CROSS","1000","01-09-2026 12:47:54","HAS_FINES"
"KA51AM2556","","4000","85028758","KA51AM2556","28-08-2026","13-07-2026","14:28","ASTraM APP VIOLATION","PARKING IN A MAIN ROAD","1000","01-09-2026 12:47:54","HAS_FINES"
"KA51AM2556","","4000","84455917","KA51AM2556","13-08-2026","19-07-2026","04:38","Kalasipalya Main Rd Jn (ITMS CAMERA)","JUMPING TRAFFIC SIGNALS","500","01-09-2026 12:47:54","HAS_FINES"
"KA51AM2504","","500","84210146","KA51AM2504","06-08-2026","20-07-2026","23:16","Bhashyam circle (ITMS CAMERA)","JUMPING TRAFFIC SIGNALS","500","01-09-2026 12:47:59","HAS_FINES"
"KA51AM2516","","500","83681435","KA51AM2516","29-07-2026","10-07-2026","23:08","Indiranagar, 12th Main Rd, HAL 2nd Stage, Jn (ITMS CAMERA)","JUMPING TRAFFIC SIGNALS","500","01-09-2026 12:48:04","HAS_FINES"
"KA51AM2524","","3000","82033435","KA51AM2524","14-07-2026","20-05-2026","10:13","ASTraM APP VIOLATION","PARKING IN A MAIN ROAD","1000","01-09-2026 12:48:08","HAS_FINES"
"KA51AM2524","","3000","84364782","KA51AM2524","11-08-2026","10-07-2026","10:36","Kanakapur road Vanivilas Road Jn (ITMS CAMERA)","PARKING NEAR TRAFFIC LIGHT / STOPPING ON ZEBRA CROSS","1000","01-09-2026 12:48:08","HAS_FINES"
"KA51AM2524","","3000","83906156","KA51AM2524","03-08-2026","15-07-2026","19:42","JP Nagar,35th Main Rd, 15 cross Jn (ITMS CAMERA)","JUMPING TRAFFIC SIGNALS","500","01-09-2026 12:48:08","HAS_FINES"
"KA51AM2524","","3000","85109935","KA51AM2524","28-08-2026","31-07-2026","06:59","JP Nagar,35th Main Rd, 15 cross Jn (ITMS CAMERA)","JUMPING TRAFFIC SIGNALS","500","01-09-2026 12:48:08","HAS_FINES"
"KA51AM2545","","3000","84911235","KA51AM2545","25-08-2026","30-06-2026","10:46","ASTraM APP VIOLATION","PARKING ON FOOTPATH","1000","01-09-2026 12:48:13","HAS_FINES"
"KA51AM2545","","3000","85010448","KA51AM2545","27-08-2026","02-07-2026","11:15","ASTraM APP VIOLATION","PARKING ON FOOTPATH","1000","01-09-2026 12:48:13","HAS_FINES"
"KA51AM2545","","3000","84754995","KA51AM2545","21-08-2026","04-07-2026","10:05","ASTraM APP VIOLATION","PARKING ON FOOTPATH","1000","01-09-2026 12:48:13","HAS_FINES"
"KA51AM2530","","0","N/A","KA51AM2530","N/A","N/A","N/A","N/A","NO FINES FOUND","0","01-09-2026 12:48:18","NO_FINES"
"KA51AM2512","","500","84584757","KA51AM2512","15-08-2026","20-07-2026","05:05","Indiranagar, 12th Main Rd, HAL 2nd Stage, Jn (ITMS CAMERA)","JUMPING TRAFFIC SIGNALS","500","01-09-2026 12:48:22","HAS_FINES"
"KA51AM2507","","1500","82571542","KA51AM2507","15-07-2026","20-06-2026","01:08","Koramangala Aishwarya Jn (ITMS CAMERA)","JUMPING TRAFFIC SIGNALS","500","01-09-2026 12:48:27","HAS_FINES"
"KA51AM2507","","1500","84533495","KA51AM2507","14-08-2026","22-07-2026","23:23","Navaranga circle (ITMS CAMERA)","PARKING NEAR TRAFFIC LIGHT / STOPPING ON ZEBRA CROSS","1000","01-09-2026 12:48:27","HAS_FINES"
"KA51AM2519","","500","83373475","KA51AM2519","23-07-2026","08-07-2026","05:20","Kalasipalya Main Rd Jn (ITMS CAMERA)","JUMPING TRAFFIC SIGNALS","500","01-09-2026 12:48:32","HAS_FINES"
"KA51AM3819","","0","N/A","KA51AM3819","N/A","N/A","N/A","N/A","NO FINES FOUND","0","01-09-2026 12:48:36","NO_FINES"
"KA51AM3868","","1000","82972717","KA51AM3868","15-07-2026","03-07-2026","00:22","Jayanagar 4th main 27th cross (ITMS CAMERA)","JUMPING TRAFFIC SIGNALS","500","01-09-2026 12:48:41","HAS_FINES"
"KA51AM3868","","1000","83292110","KA51AM3868","22-07-2026","05-07-2026","10:48","Swami Vivekananda Rd, Murphy Town Jn (ITMS CAMERA)","FAIL TO USE SAFETY BELTS","500","01-09-2026 12:48:41","HAS_FINES"
"KA51AM3827","","0","N/A","KA51AM3827","N/A","N/A","N/A","N/A","NO FINES FOUND","0","01-09-2026 12:48:46","NO_FINES"
"KA51AM3872","","4000","82677875","KA51AM3872","15-07-2026","04-07-2026","01:04","BTM 29th Main Axa Signal (ITMS CAMERA)","JUMPING TRAFFIC SIGNALS","500","01-09-2026 12:48:50","HAS_FINES"
"KA51AM3872","","4000","82715942","KA51AM3872","15-07-2026","06-07-2026","07:08","AIRPORT TO CITY SPEED CAMERA BIAL ROAD","LMV - USING MOBILE WHILE DRIVING/RIDING","3000","01-09-2026 12:48:50","HAS_FINES"
"KA51AM3872","","4000","84342967","KA51AM3872","10-08-2026","16-07-2026","02:08","New Bell road Ramaiah hospital (ITMS CAMERA)","JUMPING TRAFFIC SIGNALS","500","01-09-2026 12:48:50","HAS_FINES"
"KA51AM3838","","1000","82288481","KA51AM3838","15-07-2026","27-06-2026","00:16","Indiranagar, 12th Main Rd, HAL 2nd Stage, Jn (ITMS CAMERA)","JUMPING TRAFFIC SIGNALS","500","01-09-2026 12:48:55","HAS_FINES"
"KA51AM3838","","1000","84862562","KA51AM3838","24-08-2026","21-08-2026","06:55","Hennuru Road","FAIL TO USE SAFETY BELTS","500","01-09-2026 12:48:55","HAS_FINES"
"KA51AM3871","","0","N/A","KA51AM3871","N/A","N/A","N/A","N/A","NO FINES FOUND","0","01-09-2026 12:49:00","NO_FINES"
"KA51AM3820","","500","84928592","KA51AM3820","25-08-2026","23-07-2026","11:47","Koaramangala wipro park Jn (ITMS CAMERA)","JUMPING TRAFFIC SIGNALS","500","01-09-2026 12:49:04","HAS_FINES"
"KA51AM3837","","1000","82941715","KA51AM3837","15-07-2026","04-07-2026","04:40","Old Madras Road 80 Feet cross Road (ITMS CAMERA)","JUMPING TRAFFIC SIGNALS","500","01-09-2026 12:49:09","HAS_FINES"
"KA51AM3837","","1000","82686037","KA51AM3837","15-07-2026","04-07-2026","04:31","Indiranagar, 12th Main Rd, HAL 2nd Stage, Jn (ITMS CAMERA)","JUMPING TRAFFIC SIGNALS","500","01-09-2026 12:49:09","HAS_FINES"
"KA51AM3869","","2500","82389017","KA51AM3869","15-07-2026","25-06-2026","02:24","New Bell road Ramaiah hospital (ITMS CAMERA)","JUMPING TRAFFIC SIGNALS","500","01-09-2026 12:49:14","HAS_FINES"
"KA51AM3869","","2500","82242484","KA51AM3869","15-07-2026","27-06-2026","03:16","Indiranagar, 12th Main Rd, HAL 2nd Stage, Jn (ITMS CAMERA)","JUMPING TRAFFIC SIGNALS","500","01-09-2026 12:49:14","HAS_FINES"
"KA51AM3869","","2500","82648632","KA51AM3869","15-07-2026","02-07-2026","00:42","Old Madras Road 80 Feet cross Road (ITMS CAMERA)","JUMPING TRAFFIC SIGNALS","500","01-09-2026 12:49:14","HAS_FINES"
"KA51AM3869","","2500","82645498","KA51AM3869","15-07-2026","03-07-2026","02:36","BTM 29th Main Axa Signal (ITMS CAMERA)","JUMPING TRAFFIC SIGNALS","500","01-09-2026 12:49:14","HAS_FINES"
"KA51AM3869","","2500","83712894","KA51AM3869","29-07-2026","10-07-2026","20:16","Koramangala Aishwarya Jn (ITMS CAMERA)","JUMPING TRAFFIC SIGNALS","500","01-09-2026 12:49:14","HAS_FINES"
"KA51AM3825","","4000","82424443","KA51AM3825","15-07-2026","25-06-2026","17:10","Hennuru Road","FAIL TO USE SAFETY BELTS","500","01-09-2026 12:49:19","HAS_FINES"
"KA51AM3825","","4000","82874546","KA51AM3825","15-07-2026","04-07-2026","00:10","Koramangala Aishwarya Jn (ITMS CAMERA)","PARKING NEAR TRAFFIC LIGHT / STOPPING ON ZEBRA CROSS","1000","01-09-2026 12:49:19","HAS_FINES"
"KA51AM3825","","4000","82856840","KA51AM3825","15-07-2026","09-07-2026","17:42","AIRPORT TO CITY SPEED CAMERA BIAL ROAD","FAIL TO USE SAFETY BELTS","500","01-09-2026 12:49:19","HAS_FINES"
"KA51AM3825","","4000","83371067","KA51AM3825","23-07-2026","20-07-2026","19:18","AIRPORT TO CITY SPEED CAMERA BIAL ROAD","PARKING NEAR TRAFFIC LIGHT / STOPPING ON ZEBRA CROSS","1000","01-09-2026 12:49:19","HAS_FINES"
"KA51AM3825","","4000","85140138","KA51AM3825","28-08-2026","23-07-2026","11:28","Navaranga circle (ITMS CAMERA)","PARKING NEAR TRAFFIC LIGHT / STOPPING ON ZEBRA CROSS","1000","01-09-2026 12:49:19","HAS_FINES"
"KA51AM3843","","0","N/A","KA51AM3843","N/A","N/A","N/A","N/A","NO FINES FOUND","0","01-09-2026 12:49:24","NO_FINES"
"KA51AM3858","","2500","82529993","KA51AM3858","15-07-2026","16-06-2026","07:03","Hosur Mn Rd Tavarekere Main Rd Jn (ITMS CAMERA)","FAIL TO USE SAFETY BELTS","500","01-09-2026 12:49:28","HAS_FINES"
"KA51AM3858","","2500","83305813","KA51AM3858","22-07-2026","06-07-2026","04:14","Adugodi Main Rd Adugodi Jn (ITMS CAMERA)","PARKING NEAR TRAFFIC LIGHT / STOPPING ON ZEBRA CROSS","1000","01-09-2026 12:49:28","HAS_FINES"
"KA51AM3858","","2500","83624690","KA51AM3858","27-07-2026","25-07-2026","11:57","SLF CAMERA CHIKKAJALA","DRIVING AT EXCESSIVE SPEED 2W/3W/LMV","1000","01-09-2026 12:49:28","HAS_FINES"
"KA51AM3852","","1500","82175836","KA51AM3852","15-07-2026","28-06-2026","03:42","Old Madras Road 80 Feet cross Road (ITMS CAMERA)","JUMPING TRAFFIC SIGNALS","500","01-09-2026 12:49:33","HAS_FINES"
"KA51AM3852","","1500","83244114","KA51AM3852","21-07-2026","05-07-2026","00:45","Banaswadi 7th Mn Rd, 2nd crs Om ShaktiTemple Jn(ITMS CAMERA)","JUMPING TRAFFIC SIGNALS","500","01-09-2026 12:49:33","HAS_FINES"
"KA51AM3852","","1500","83372039","KA51AM3852","23-07-2026","08-07-2026","01:48","Navaranga circle (ITMS CAMERA)","JUMPING TRAFFIC SIGNALS","500","01-09-2026 12:49:33","HAS_FINES"
"KA51AM3853","","4000","82611267","KA51AM3853","15-07-2026","21-06-2026","00:53","Adugodi Main Rd Adugodi Jn (ITMS CAMERA)","PARKING NEAR TRAFFIC LIGHT / STOPPING ON ZEBRA CROSS","1000","01-09-2026 12:49:38","HAS_FINES"
"KA51AM3853","","4000","82883935","KA51AM3853","15-07-2026","01-07-2026","13:18","BRV JN (ITMS CAMERA)","JUMPING TRAFFIC SIGNALS","500","01-09-2026 12:49:38","HAS_FINES"
"KA51AM3853","","4000","83481016","KA51AM3853","25-07-2026","16-07-2026","20:44","SLF CAMERA CHIKKAJALA","FAIL TO USE SAFETY BELTS","500","01-09-2026 12:49:38","HAS_FINES"
"KA51AM3853","","4000","84470269","KA51AM3853","13-08-2026","11-08-2026","03:06","AIRPORT TO CITY SPEED CAMERA BIAL ROAD","PARKING NEAR TRAFFIC LIGHT / STOPPING ON ZEBRA CROSS","1000","01-09-2026 12:49:38","HAS_FINES"
"KA51AM3853","","4000","85319176","KA51AM3853","31-08-2026","28-08-2026","00:44","AIRPORT TO CITY SPEED CAMERA BIAL ROAD","PARKING NEAR TRAFFIC LIGHT / STOPPING ON ZEBRA CROSS","1000","01-09-2026 12:49:38","HAS_FINES"
"KA51AM3856","","3500","84917960","KA51AM3856","25-08-2026","29-06-2026","15:58","ASTraM APP VIOLATION","PARKING IN A MAIN ROAD","1000","01-09-2026 12:49:43","HAS_FINES"
"KA51AM3856","","3500","83240939","KA51AM3856","21-07-2026","05-07-2026","09:57","Dodda Banaswadi Main Rd 7th Main Rd Jn (ITMS CAMERA)","PARKING NEAR TRAFFIC LIGHT / STOPPING ON ZEBRA CROSS","1000","01-09-2026 12:49:43","HAS_FINES"
"KA51AM3856","","3500","84636623","KA51AM3856","18-08-2026","14-07-2026","00:49","Indiranagar, 12th Main Rd, HAL 2nd Stage, Jn (ITMS CAMERA)","JUMPING TRAFFIC SIGNALS","500","01-09-2026 12:49:43","HAS_FINES"
"KA51AM3856","","3500","85164734","KA51AM3856","29-08-2026","15-07-2026","13:27","ASTraM APP VIOLATION","PARKING IN A MAIN ROAD","1000","01-09-2026 12:49:43","HAS_FINES"
"KA51AM3851","","3000","82614304","KA51AM3851","15-07-2026","21-06-2026","04:18","Indiranagar, 12th Main Rd, HAL 2nd Stage, Jn (ITMS CAMERA)","JUMPING TRAFFIC SIGNALS","500","01-09-2026 12:49:48","HAS_FINES"
"KA51AM3851","","3000","84974098","KA51AM3851","27-08-2026","09-07-2026","09:38","ASTraM APP VIOLATION","PARKING IN A MAIN ROAD","1000","01-09-2026 12:49:48","HAS_FINES"
"KA51AM3851","","3000","84970453","KA51AM3851","27-08-2026","09-07-2026","11:22","ASTraM APP VIOLATION","PARKING IN A MAIN ROAD","1000","01-09-2026 12:49:48","HAS_FINES"
"KA51AM3851","","3000","84400689","KA51AM3851","11-08-2026","14-07-2026","05:53","BTM 29th Main Axa Signal (ITMS CAMERA)","JUMPING TRAFFIC SIGNALS","500","01-09-2026 12:49:48","HAS_FINES"
"KA51AM3877","","0","N/A","KA51AM3877","N/A","N/A","N/A","N/A","NO FINES FOUND","0","01-09-2026 12:49:52","NO_FINES"
"KA51AM4807","","0","N/A","KA51AM4807","N/A","N/A","N/A","N/A","NO FINES FOUND","0","01-09-2026 12:49:57","NO_FINES"
"KA51AM5505","","500","85123639","KA51AM5505","28-08-2026","31-07-2026","23:24","Indiranagar, 12th Main Rd, HAL 2nd Stage, Jn (ITMS CAMERA)","JUMPING TRAFFIC SIGNALS","500","01-09-2026 12:50:02","HAS_FINES"
"KA51AM5504","","3500","82625672","KA51AM5504","15-07-2026","20-06-2026","12:46","Koaramangala wipro park Jn (ITMS CAMERA)","JUMPING TRAFFIC SIGNALS","500","01-09-2026 12:50:06","HAS_FINES"
"KA51AM5504","","3500","82175039","KA51AM5504","15-07-2026","25-06-2026","17:20","HAL Old Airport Road","FAIL TO USE SAFETY BELTS","500","01-09-2026 12:50:06","HAS_FINES"
"KA51AM5504","","3500","82168368","KA51AM5504","15-07-2026","27-06-2026","00:24","Banaswadi 7th Mn Rd, 2nd crs Om ShaktiTemple Jn(ITMS CAMERA)","JUMPING TRAFFIC SIGNALS","500","01-09-2026 12:50:06","HAS_FINES"
"KA51AM5504","","3500","82423819","KA51AM5504","15-07-2026","02-07-2026","15:31","Old Madras Road","FAIL TO USE SAFETY BELTS","500","01-09-2026 12:50:06","HAS_FINES"
"KA51AM5504","","3500","85366485","KA51AM5504","01-09-2026","29-07-2026","00:18","Koramangala Aishwarya Jn (ITMS CAMERA)","JUMPING TRAFFIC SIGNALS","500","01-09-2026 12:50:06","HAS_FINES"
"KA51AM5504","","3500","85033876","KA51AM5504","28-08-2026","25-08-2026","12:16","ASTraM APP VIOLATION","NO PARKING","1000","01-09-2026 12:50:06","HAS_FINES"
"KA51AM5494","","0","N/A","KA51AM5494","N/A","N/A","N/A","N/A","NO FINES FOUND","0","01-09-2026 12:50:11","NO_FINES"
"KA51AM4813","","3000","82085511","KA51AM4813","14-07-2026","12-05-2026","14:31","ASTraM APP VIOLATION","PARKING IN A MAIN ROAD","1000","01-09-2026 12:51:09","HAS_FINES"
"KA51AM4813","","3000","82393255","KA51AM4813","15-07-2026","28-06-2026","05:22","Banaswadi 7th Mn Rd, 2nd crs Om ShaktiTemple Jn(ITMS CAMERA)","JUMPING TRAFFIC SIGNALS","500","01-09-2026 12:51:09","HAS_FINES"
"KA51AM4813","","3000","82716246","KA51AM4813","15-07-2026","02-07-2026","01:42","Old Madras Road 80 Feet cross Road (ITMS CAMERA)","JUMPING TRAFFIC SIGNALS","500","01-09-2026 12:51:09","HAS_FINES"
"KA51AM4813","","3000","82650989","KA51AM4813","15-07-2026","04-07-2026","18:10","Chamarajpet 5th mn bazaar st Jn(ITMS Camera)","JUMPING TRAFFIC SIGNALS","500","01-09-2026 12:51:09","HAS_FINES"
"KA51AM4813","","3000","83271425","KA51AM4813","21-07-2026","06-07-2026","02:23","Kalasipalya Main Rd Jn (ITMS CAMERA)","JUMPING TRAFFIC SIGNALS","500","01-09-2026 12:51:09","HAS_FINES"
"KA51AM4821","","2000","84991004","KA51AM4821","27-08-2026","16-04-2026","17:27","ASTraM APP VIOLATION","JUMPING TRAFFIC SIGNALS","500","01-09-2026 12:51:14","HAS_FINES"
"KA51AM4821","","2000","84188983","KA51AM4821","06-08-2026","16-07-2026","00:18","Koaramangala wipro park Jn (ITMS CAMERA)","JUMPING TRAFFIC SIGNALS","500","01-09-2026 12:51:14","HAS_FINES"
"KA51AM4821","","2000","84468174","KA51AM4821","13-08-2026","22-07-2026","07:57","CAL Cross (ITMS CAMERA)","FAIL TO USE SAFETY BELTS","500","01-09-2026 12:51:14","HAS_FINES"
"KA51AM4821","","2000","83656705","KA51AM4821","27-07-2026","25-07-2026","07:05","SLF CAMERA CHIKKAJALA","FAIL TO USE SAFETY BELTS","500","01-09-2026 12:51:14","HAS_FINES"
"KA51AM4808","","2500","82119294","KA51AM4808","14-07-2026","24-05-2026","16:25","ASTraM APP VIOLATION","STOPPING/PARKING ON STOP LINE","1000","01-09-2026 12:51:18","HAS_FINES"
"KA51AM4808","","2500","82510382","KA51AM4808","15-07-2026","22-06-2026","03:49","JP Nagar,35th Main Rd, 15 cross Jn (ITMS CAMERA)","JUMPING TRAFFIC SIGNALS","500","01-09-2026 12:51:18","HAS_FINES"
"KA51AM4808","","2500","82625935","KA51AM4808","15-07-2026","22-06-2026","00:57","BTM 29th Main Axa Signal (ITMS CAMERA)","JUMPING TRAFFIC SIGNALS","500","01-09-2026 12:51:18","HAS_FINES"
"KA51AM4808","","2500","84458063","KA51AM4808","13-08-2026","21-07-2026","03:50","Indiranagar, 12th Main Rd, HAL 2nd Stage, Jn (ITMS CAMERA)","JUMPING TRAFFIC SIGNALS","500","01-09-2026 12:51:18","HAS_FINES"
"KA51AM4814","","0","N/A","KA51AM4814","N/A","N/A","N/A","N/A","NO FINES FOUND","0","01-09-2026 12:51:23","NO_FINES"
"KA51AM5466","","1500","84915313","KA51AM5466","25-08-2026","30-06-2026","13:21","ASTraM APP VIOLATION","PARKING IN A MAIN ROAD","1000","01-09-2026 12:51:28","HAS_FINES"
"KA51AM5466","","1500","83760961","KA51AM5466","29-07-2026","09-07-2026","03:40","Old Madras Road 80 Feet cross Road (ITMS CAMERA)","JUMPING TRAFFIC SIGNALS","500","01-09-2026 12:51:28","HAS_FINES"
"KA51AM5459","","2500","82597065","KA51AM5459","15-07-2026","22-06-2026","23:38","Navaranga circle (ITMS CAMERA)","JUMPING TRAFFIC SIGNALS","500","01-09-2026 12:51:32","HAS_FINES"
"KA51AM5459","","2500","82357823","KA51AM5459","15-07-2026","30-06-2026","05:52","BTM 29th Main Axa Signal (ITMS CAMERA)","JUMPING TRAFFIC SIGNALS","500","01-09-2026 12:51:32","HAS_FINES"
"KA51AM5459","","2500","82965535","KA51AM5459","15-07-2026","02-07-2026","04:33","Kalasipalya Main Rd Jn (ITMS CAMERA)","JUMPING TRAFFIC SIGNALS","500","01-09-2026 12:51:32","HAS_FINES"
"KA51AM5459","","2500","83633570","KA51AM5459","27-07-2026","08-07-2026","06:43","JP Nagar,35th Main Rd, 15 cross Jn (ITMS CAMERA)","JUMPING TRAFFIC SIGNALS","500","01-09-2026 12:51:32","HAS_FINES"
"KA51AM5459","","2500","84679748","KA51AM5459","19-08-2026","22-07-2026","02:01","Indiranagar, 12th Main Rd, HAL 2nd Stage, Jn (ITMS CAMERA)","JUMPING TRAFFIC SIGNALS","500","01-09-2026 12:51:32","HAS_FINES"
"KA51AM5467","","0","N/A","KA51AM5467","N/A","N/A","N/A","N/A","NO FINES FOUND","0","01-09-2026 12:51:37","NO_FINES"
"KA51AM5455","","0","N/A","KA51AM5455","N/A","N/A","N/A","N/A","NO FINES FOUND","0","01-09-2026 12:51:42","NO_FINES"
"KA51AM4811","","1000","83229829","KA51AM4811","21-07-2026","30-05-2026","14:45","ASTraM APP VIOLATION","PARKING ON FOOTPATH","1000","01-09-2026 12:51:46","HAS_FINES"
"KA51AM4805","","2000","83477631","KA51AM4805","25-07-2026","02-06-2026","06:46","ASTraM APP VIOLATION","PARKING IN A MAIN ROAD","1000","01-09-2026 12:51:51","HAS_FINES"
"KA51AM4805","","2000","85242981","KA51AM4805","31-08-2026","22-07-2026","16:02","ASTraM APP VIOLATION","PARKING IN A MAIN ROAD","1000","01-09-2026 12:51:51","HAS_FINES"
"KA51AM5465","","1000","82559098","KA51AM5465","15-07-2026","21-06-2026","11:22","Hosur Mn Rd Tavarekere Main Rd Jn (ITMS CAMERA)","JUMPING TRAFFIC SIGNALS","500","01-09-2026 12:51:56","HAS_FINES"
"KA51AM5465","","1000","82198392","KA51AM5465","15-07-2026","24-06-2026","09:32","Hosur Mn Rd Tavarekere Main Rd Jn (ITMS CAMERA)","JUMPING TRAFFIC SIGNALS","500","01-09-2026 12:51:56","HAS_FINES"
"KA51AM5460","","3500","82101546","KA51AM5460","14-07-2026","17-05-2026","19:00","ASTraM APP VIOLATION","PARKING IN A MAIN ROAD","1000","01-09-2026 12:52:00","HAS_FINES"
"KA51AM5460","","3500","82276187","KA51AM5460","15-07-2026","28-06-2026","01:51","Indiranagar KFC Jn (ITMS CAMERA)","PARKING NEAR TRAFFIC LIGHT / STOPPING ON ZEBRA CROSS","1000","01-09-2026 12:52:00","HAS_FINES"
"KA51AM5460","","3500","82365480","KA51AM5460","15-07-2026","29-06-2026","01:50","Koramangala Aishwarya Jn (ITMS CAMERA)","JUMPING TRAFFIC SIGNALS","500","01-09-2026 12:52:00","HAS_FINES"
"KA51AM5460","","3500","84996912","KA51AM5460","27-08-2026","02-07-2026","11:46","ASTraM APP VIOLATION","PARKING IN A MAIN ROAD","1000","01-09-2026 12:52:00","HAS_FINES"
"KA51AL3719","","3500","82062906","KA51AL3719","14-07-2026","25-06-2026","09:17","ASTraM APP VIOLATION","WRONG PARKING","1000","01-09-2026 12:52:05","HAS_FINES"
"KA51AL3719","","3500","82071839","KA51AL3719","14-07-2026","26-06-2026","09:54","ASTraM APP VIOLATION","WRONG PARKING","1000","01-09-2026 12:52:05","HAS_FINES"
"KA51AL3719","","3500","83920962","KA51AL3719","03-08-2026","10-07-2026","00:59","BTM 29th Main Axa Signal (ITMS CAMERA)","JUMPING TRAFFIC SIGNALS","500","01-09-2026 12:52:05","HAS_FINES"
"KA51AL3719","","3500","84477862","KA51AL3719","13-08-2026","17-07-2026","07:41","8th main 9th cross JP nagar (ITMS CAMERA)","JUMPING TRAFFIC SIGNALS","500","01-09-2026 12:52:05","HAS_FINES"
"KA51AL3719","","3500","84746832","KA51AL3719","20-08-2026","23-07-2026","10:40","Chamarajpet 5th mn bazaar st Jn(ITMS Camera)","FAIL TO USE SAFETY BELTS","500","01-09-2026 12:52:05","HAS_FINES"
"KA51AL3722","","0","N/A","KA51AL3722","N/A","N/A","N/A","N/A","NO FINES FOUND","0","01-09-2026 12:52:10","NO_FINES"
"KA51AL3735","","3500","82550111","KA51AL3735","15-07-2026","21-06-2026","00:16","Sadashivanagar ps Jn (ITMS CAMERA)","JUMPING TRAFFIC SIGNALS","500","01-09-2026 12:52:15","HAS_FINES"
"KA51AL3735","","3500","82570403","KA51AL3735","15-07-2026","21-06-2026","00:09","Bhashyam circle (ITMS CAMERA)","JUMPING TRAFFIC SIGNALS","500","01-09-2026 12:52:15","HAS_FINES"
"KA51AL3735","","3500","82679513","KA51AL3735","15-07-2026","06-07-2026","08:09","AIRPORT TO CITY SPEED CAMERA BIAL ROAD","FAIL TO USE SAFETY BELTS","500","01-09-2026 12:52:15","HAS_FINES"
"KA51AL3735","","3500","84969285","KA51AL3735","27-08-2026","07-07-2026","09:15","ASTraM APP VIOLATION","PARKING IN A MAIN ROAD","1000","01-09-2026 12:52:15","HAS_FINES"
"KA51AL3735","","3500","83478038","KA51AL3735","25-07-2026","23-07-2026","09:16","ASTraM APP VIOLATION","NO PARKING","1000","01-09-2026 12:52:15","HAS_FINES"
"KA51AL3732","","1500","84813792","KA51AL3732","24-08-2026","25-04-2026","17:53","ASTraM APP VIOLATION","PARKING IN A MAIN ROAD","1000","01-09-2026 12:52:19","HAS_FINES"
"KA51AL3732","","1500","84229189","KA51AL3732","07-08-2026","17-07-2026","03:03","BTM 29th Main Axa Signal (ITMS CAMERA)","JUMPING TRAFFIC SIGNALS","500","01-09-2026 12:52:19","HAS_FINES"
"KA51AL1865","","2000","82340145","KA51AL1865","15-07-2026","30-06-2026","02:31","Koramangala Aishwarya Jn (ITMS CAMERA)","PARKING NEAR TRAFFIC LIGHT / STOPPING ON ZEBRA CROSS","1000","01-09-2026 12:52:24","HAS_FINES"
"KA51AL1865","","2000","82306637","KA51AL1865","15-07-2026","01-07-2026","16:05","Tumkur Road Elevated Corridor2","FAIL TO USE SAFETY BELTS","500","01-09-2026 12:52:24","HAS_FINES"
"KA51AL1865","","2000","82715069","KA51AL1865","15-07-2026","03-07-2026","02:10","Indiranagar, 12th Main Rd, HAL 2nd Stage, Jn (ITMS CAMERA)","JUMPING TRAFFIC SIGNALS","500","01-09-2026 12:52:24","HAS_FINES"
"KA51AL1870","","500","82824055","KA51AL1870","15-07-2026","28-06-2026","17:10","Hosur Mn Rd Tavarekere Main Rd Jn (ITMS CAMERA)","JUMPING TRAFFIC SIGNALS","500","01-09-2026 12:52:29","HAS_FINES"
"KA51AL1874","","0","N/A","KA51AL1874","N/A","N/A","N/A","N/A","NO FINES FOUND","0","01-09-2026 12:52:34","NO_FINES"
"KA51AL1877","","1500","83228203","KA51AL1877","21-07-2026","30-05-2026","13:37","ASTraM APP VIOLATION","PARKING IN A MAIN ROAD","1000","01-09-2026 12:52:38","HAS_FINES"
"KA51AL1877","","1500","84699540","KA51AL1877","19-08-2026","20-07-2026","17:11","Indiranagar KFC Jn (ITMS CAMERA)","JUMPING TRAFFIC SIGNALS","500","01-09-2026 12:52:38","HAS_FINES"
"KA51AL1881","","1000","84661861","KA51AL1881","18-08-2026","24-07-2026","14:06","Indiranagar, 12th Main Rd, HAL 2nd Stage, Jn (ITMS CAMERA)","JUMPING TRAFFIC SIGNALS","500","01-09-2026 12:52:49","HAS_FINES"
"KA51AL1881","","1000","85101633","KA51AL1881","28-08-2026","26-07-2026","02:11","BTM 29th Main Axa Signal (ITMS CAMERA)","JUMPING TRAFFIC SIGNALS","500","01-09-2026 12:52:49","HAS_FINES"
"KA51AL1885","","1000","82626442","KA51AL1885","15-07-2026","21-06-2026","13:29","Hosur Mn Rd Tavarekere Main Rd Jn (ITMS CAMERA)","JUMPING TRAFFIC SIGNALS","500","01-09-2026 12:52:54","HAS_FINES"
"KA51AL1885","","1000","84311093","KA51AL1885","10-08-2026","15-07-2026","04:39","Koramangala Aishwarya Jn (ITMS CAMERA)","JUMPING TRAFFIC SIGNALS","500","01-09-2026 12:52:54","HAS_FINES"
"KA51AL1832","","500","84147254","KA51AL1832","05-08-2026","16-07-2026","17:21","Shivananda Circle Jn (ITMS CAMERA)","FAIL TO USE SAFETY BELTS","500","01-09-2026 12:52:59","HAS_FINES"
"KA51AL1839","","0","N/A","KA51AL1839","N/A","N/A","N/A","N/A","NO FINES FOUND","0","01-09-2026 12:53:04","NO_FINES"
"KA51AL1851","","1000","85297351","KA51AL1851","31-08-2026","26-07-2026","15:54","ASTraM APP VIOLATION","PARKING IN A MAIN ROAD","1000","01-09-2026 12:53:08","HAS_FINES"
"KA51AL1856","","500","84148189","KA51AL1856","05-08-2026","20-07-2026","23:41","Indiranagar, 12th Main Rd, HAL 2nd Stage, Jn (ITMS CAMERA)","JUMPING TRAFFIC SIGNALS","500","01-09-2026 12:53:13","HAS_FINES"
"KA51AL1861","","1000","85240365","KA51AL1861","31-08-2026","21-07-2026","16:40","ASTraM APP VIOLATION","WRONG PARKING","1000","01-09-2026 12:53:18","HAS_FINES"
"KA51AL4747","","1500","83256263","KA51AL4747","21-07-2026","05-07-2026","23:46","Koramangala Aishwarya Jn (ITMS CAMERA)","PARKING NEAR TRAFFIC LIGHT / STOPPING ON ZEBRA CROSS","1000","01-09-2026 12:53:23","HAS_FINES"
"KA51AL4747","","1500","83449849","KA51AL4747","24-07-2026","23-07-2026","08:56","Airport Elevated Road (Bellary Road) AND At grade2","FAIL TO USE SAFETY BELTS","500","01-09-2026 12:53:23","HAS_FINES"
"KA51AL3728","","500","85058364","KA51AL3728","28-08-2026","26-07-2026","17:57","Swami Vivekananda Rd, Murphy Town Jn (ITMS CAMERA)","FAIL TO USE SAFETY BELTS","500","01-09-2026 12:53:28","HAS_FINES"
"KA51AL1882","","0","N/A","KA51AL1882","N/A","N/A","N/A","N/A","NO FINES FOUND","0","01-09-2026 12:53:33","NO_FINES"
"KA05AP6040","","0","N/A","KA05AP6040","N/A","N/A","N/A","N/A","NO FINES FOUND","0","01-09-2026 12:53:38","NO_FINES"
"KA05AP6035","","1000","82163498","KA05AP6035","15-07-2026","02-06-2026","08:15","ASTraM APP VIOLATION","ONE WAY/NO ENTRY","500","01-09-2026 12:53:42","HAS_FINES"
"KA05AP6035","","1000","84854966","KA05AP6035","24-08-2026","27-07-2026","17:48","Chikkapet TPS Jn Alur Venkata Rao Rd (ITMS CAMERA)","FAIL TO USE SAFETY BELTS","500","01-09-2026 12:53:42","HAS_FINES"
"KA05AP7691","","0","N/A","KA05AP7691","N/A","N/A","N/A","N/A","NO FINES FOUND","0","01-09-2026 12:53:47","NO_FINES"
"KA05AP7688","","1500","82568727","KA05AP7688","15-07-2026","21-06-2026","17:16","AIRPORT TO CITY SPEED CAMERA BIAL ROAD","FAIL TO USE SAFETY BELTS","500","01-09-2026 12:53:52","HAS_FINES"
"KA05AP7688","","1500","84665291","KA05AP7688","18-08-2026","16-08-2026","15:33","AIRPORT TO CITY SPEED CAMERA BIAL ROAD","PARKING NEAR TRAFFIC LIGHT / STOPPING ON ZEBRA CROSS","1000","01-09-2026 12:53:52","HAS_FINES"
"KA05AP7684","","0","N/A","KA05AP7684","N/A","N/A","N/A","N/A","NO FINES FOUND","0","01-09-2026 12:53:57","NO_FINES"
"KA05AP7681","","1500","82505648","KA05AP7681","15-07-2026","21-06-2026","10:55","CAL Cross (ITMS CAMERA)","JUMPING TRAFFIC SIGNALS","500","01-09-2026 12:54:02","HAS_FINES"
"KA05AP7681","","1500","83975723","KA05AP7681","03-08-2026","09-07-2026","23:40","Jayanagar 4th main 27th cross (ITMS CAMERA)","PARKING NEAR TRAFFIC LIGHT / STOPPING ON ZEBRA CROSS","1000","01-09-2026 12:54:02","HAS_FINES"
"KA05AP7678","","1000","82943624","KA05AP7678","15-07-2026","02-07-2026","01:32","Sadashivanagar ps Jn (ITMS CAMERA)","JUMPING TRAFFIC SIGNALS","500","01-09-2026 12:54:07","HAS_FINES"
"KA05AP7678","","1000","83428863","KA05AP7678","24-07-2026","08-07-2026","01:01","K H road , Siddiah road Jn (ITMS CAMERA)","JUMPING TRAFFIC SIGNALS","500","01-09-2026 12:54:07","HAS_FINES"
"KA05AP7675","","0","N/A","KA05AP7675","N/A","N/A","N/A","N/A","NO FINES FOUND","0","01-09-2026 12:54:12","NO_FINES"
"KA05AP7672","","2000","82068847","KA05AP7672","14-07-2026","21-05-2026","15:20","ASTraM APP VIOLATION","PARKING IN A MAIN ROAD","1000","01-09-2026 12:54:16","HAS_FINES"
"KA05AP7672","","2000","82065067","KA05AP7672","14-07-2026","21-05-2026","17:03","ASTraM APP VIOLATION","PARKING IN A MAIN ROAD","1000","01-09-2026 12:54:16","HAS_FINES"
"KA05AP7669","","1500","84551216","KA05AP7669","15-08-2026","13-04-2026","09:26","ASTraM APP VIOLATION","WRONG PARKING","1000","01-09-2026 12:54:21","HAS_FINES"
"KA05AP7669","","1500","82279431","KA05AP7669","15-07-2026","29-06-2026","12:04","Indiranagar KFC Jn (ITMS CAMERA)","JUMPING TRAFFIC SIGNALS","500","01-09-2026 12:54:21","HAS_FINES"
"KA05AP7665","","500","83992005","KA05AP7665","03-08-2026","09-07-2026","20:14","Jayanagar 4th main 27th cross (ITMS CAMERA)","JUMPING TRAFFIC SIGNALS","500","01-09-2026 12:54:26","HAS_FINES"
"KA05AP7662","","3000","82515358","KA05AP7662","15-07-2026","22-06-2026","05:35","Indiranagar, 12th Main Rd, HAL 2nd Stage, Jn (ITMS CAMERA)","JUMPING TRAFFIC SIGNALS","500","01-09-2026 12:54:31","HAS_FINES"
"KA05AP7662","","3000","82357029","KA05AP7662","15-07-2026","24-06-2026","05:11","K H road , Siddiah road Jn (ITMS CAMERA)","JUMPING TRAFFIC SIGNALS","500","01-09-2026 12:54:31","HAS_FINES"
"KA05AP7662","","3000","82872420","KA05AP7662","15-07-2026","26-06-2026","15:43","AIRPORT TO CITY SPEED CAMERA BIAL ROAD","FAIL TO USE SAFETY BELTS","500","01-09-2026 12:54:31","HAS_FINES"
"KA05AP7662","","3000","82968931","KA05AP7662","15-07-2026","02-07-2026","02:28","Sadashivanagar ps Jn (ITMS CAMERA)","JUMPING TRAFFIC SIGNALS","500","01-09-2026 12:54:31","HAS_FINES"
"KA05AP7662","","3000","82767727","KA05AP7662","15-07-2026","09-07-2026","01:58","AIRPORT TO CITY SPEED CAMERA BIAL ROAD","PARKING NEAR TRAFFIC LIGHT / STOPPING ON ZEBRA CROSS","1000","01-09-2026 12:54:31","HAS_FINES"
"KA05AP7659","","0","N/A","KA05AP7659","N/A","N/A","N/A","N/A","NO FINES FOUND","0","01-09-2026 12:54:36","NO_FINES"
"KA05AP7656","","0","N/A","KA05AP7656","N/A","N/A","N/A","N/A","NO FINES FOUND","0","01-09-2026 12:54:41","NO_FINES"
"KA05AP7653","","500","82475541","KA05AP7653","15-07-2026","25-06-2026","03:59","BTM 29th Main Axa Signal (ITMS CAMERA)","JUMPING TRAFFIC SIGNALS","500","01-09-2026 12:54:46","HAS_FINES"
"KA05AP7650","","500","84651953","KA05AP7650","18-08-2026","17-08-2026","10:09","Mysuru Road","FAIL TO USE SAFETY BELTS","500","01-09-2026 12:54:50","HAS_FINES"
"KA05AP7647","","1000","85361057","KA05AP7647","01-09-2026","29-07-2026","11:29","ASTraM APP VIOLATION","PARKING IN A MAIN ROAD","1000","01-09-2026 12:54:55","HAS_FINES"
"KA05AP7644","","500","84417824","KA05AP7644","12-08-2026","20-07-2026","00:25","BTM 29th Main Axa Signal (ITMS CAMERA)","JUMPING TRAFFIC SIGNALS","500","01-09-2026 12:55:00","HAS_FINES"
"KA05AP7641","","500","85406069","KA05AP7641","01-09-2026","01-08-2026","14:03","Adugodi Main Rd Adugodi Jn (ITMS CAMERA)","FAIL TO USE SAFETY BELTS","500","01-09-2026 12:55:05","HAS_FINES"
"KA05AP7492","","0","N/A","KA05AP7492","N/A","N/A","N/A","N/A","NO FINES FOUND","0","01-09-2026 12:55:10","NO_FINES"
"KA05AP7494","","500","84085247","KA05AP7494","04-08-2026","03-08-2026","08:28","NH75 Kolar Road","FAIL TO USE SAFETY BELTS","500","01-09-2026 14:43:08","HAS_FINES"
"KA05AP7493","","0","N/A","KA05AP7493","N/A","N/A","N/A","N/A","NO FINES FOUND","0","01-09-2026 14:43:13","NO_FINES"
"KA05AP7511","","2000","85234473","KA05AP7511","31-08-2026","17-07-2026","13:23","ASTraM APP VIOLATION","NO PARKING","1000","01-09-2026 14:43:18","HAS_FINES"
"KA05AP7511","","2000","84871818","KA05AP7511","24-08-2026","30-07-2026","02:08","BTM 29th Main Axa Signal (ITMS CAMERA)","JUMPING TRAFFIC SIGNALS","500","01-09-2026 14:43:18","HAS_FINES"
"KA05AP7511","","2000","84493483","KA05AP7511","13-08-2026","09-08-2026","11:04","AIRPORT TO CITY SPEED CAMERA BIAL ROAD","FAIL TO USE SAFETY BELTS","500","01-09-2026 14:43:18","HAS_FINES"
"KA05AP7506","","0","N/A","KA05AP7506","N/A","N/A","N/A","N/A","NO FINES FOUND","0","01-09-2026 14:43:23","NO_FINES"
"KA05AP7496","","0","N/A","KA05AP7496","N/A","N/A","N/A","N/A","NO FINES FOUND","0","01-09-2026 14:43:27","NO_FINES"
"KA05AP7516","","2000","82438393","KA05AP7516","15-07-2026","25-06-2026","23:22","Kanakapur road Vanivilas Road Jn (ITMS CAMERA)","JUMPING TRAFFIC SIGNALS","500","01-09-2026 14:43:32","HAS_FINES"
"KA05AP7516","","2000","85023850","KA05AP7516","28-08-2026","11-07-2026","11:03","ASTraM APP VIOLATION","NO PARKING","1000","01-09-2026 14:43:32","HAS_FINES"
"KA05AP7516","","2000","84096947","KA05AP7516","04-08-2026","18-07-2026","09:01","SANGAM CIRCLE JP NAGAR (ITMS CAMERA)","FAIL TO USE SAFETY BELTS","500","01-09-2026 14:43:32","HAS_FINES"
"KA05AP7498","","1500","82788856","KA05AP7498","15-07-2026","27-06-2026","04:35","JP Nagar,35th Main Rd, 15 cross Jn (ITMS CAMERA)","JUMPING TRAFFIC SIGNALS","500","01-09-2026 14:43:37","HAS_FINES"
"KA05AP7498","","1500","84083309","KA05AP7498","04-08-2026","16-07-2026","00:01","Indiranagar, 12th Main Rd, HAL 2nd Stage, Jn (ITMS CAMERA)","JUMPING TRAFFIC SIGNALS","500","01-09-2026 14:43:37","HAS_FINES"
"KA05AP7498","","1500","85315172","KA05AP7498","31-08-2026","04-08-2026","11:07","Swami Vivekananda Rd, Murphy Town Jn (ITMS CAMERA)","FAIL TO USE SAFETY BELTS","500","01-09-2026 14:43:37","HAS_FINES"
"KA05AP7509","","1500","82026774","KA05AP7509","14-07-2026","20-05-2026","16:13","ASTraM APP VIOLATION","PARKING IN A MAIN ROAD","1000","01-09-2026 14:43:41","HAS_FINES"
"KA05AP7509","","1500","85133259","KA05AP7509","28-08-2026","31-07-2026","16:06","Kanakapur road Vanivilas Road Jn (ITMS CAMERA)","JUMPING TRAFFIC SIGNALS","500","01-09-2026 14:43:41","HAS_FINES"
"KA05AP7517","","1500","83551329","KA05AP7517","25-07-2026","22-07-2026","14:42","AIRPORT TO CITY SPEED CAMERA BIAL ROAD","FAIL TO USE SAFETY BELTS","500","01-09-2026 14:43:46","HAS_FINES"
"KA05AP7517","","1500","84677213","KA05AP7517","19-08-2026","18-08-2026","03:36","AIRPORT TO CITY SPEED CAMERA BIAL ROAD","PARKING NEAR TRAFFIC LIGHT / STOPPING ON ZEBRA CROSS","1000","01-09-2026 14:43:46","HAS_FINES"
"KA05AP7537","","500","82318586","KA05AP7537","15-07-2026","29-06-2026","00:47","Indiranagar, 12th Main Rd, HAL 2nd Stage, Jn (ITMS CAMERA)","JUMPING TRAFFIC SIGNALS","500","01-09-2026 14:43:51","HAS_FINES"
"KA05AP7535","","0","N/A","KA05AP7535","N/A","N/A","N/A","N/A","NO FINES FOUND","0","01-09-2026 14:43:55","NO_FINES"
"KA05AQ0161","","0","N/A","KA05AQ0161","N/A","N/A","N/A","N/A","NO FINES FOUND","0","01-09-2026 14:44:00","NO_FINES"
"KA05AQ0158","","0","N/A","KA05AQ0158","N/A","N/A","N/A","N/A","NO FINES FOUND","0","01-09-2026 14:44:05","NO_FINES"
"KA05AQ2247","","0","N/A","KA05AQ2247","N/A","N/A","N/A","N/A","NO FINES FOUND","0","01-09-2026 14:44:09","NO_FINES"
"KA05AQ2251","","0","N/A","KA05AQ2251","N/A","N/A","N/A","N/A","NO FINES FOUND","0","01-09-2026 14:44:14","NO_FINES"
"KA05AQ2249","","0","N/A","KA05AQ2249","N/A","N/A","N/A","N/A","NO FINES FOUND","0","01-09-2026 14:44:18","NO_FINES"
"KA05AQ2139","","0","N/A","KA05AQ2139","N/A","N/A","N/A","N/A","NO FINES FOUND","0","01-09-2026 14:44:23","NO_FINES"
"KA05AQ2135","","0","N/A","KA05AQ2135","N/A","N/A","N/A","N/A","NO FINES FOUND","0","01-09-2026 14:44:27","NO_FINES"
"KA05AQ2136","","0","N/A","KA05AQ2136","N/A","N/A","N/A","N/A","NO FINES FOUND","0","01-09-2026 14:44:32","NO_FINES"
"KA05AQ2144","","500","84578756","KA05AQ2144","15-08-2026","14-08-2026","10:41","Varthur Road - SH 35","FAIL TO USE SAFETY BELTS","500","01-09-2026 14:44:37","HAS_FINES"
"KA51AL0766","","0","N/A","KA51AL0766","N/A","N/A","N/A","N/A","NO FINES FOUND","0","01-09-2026 14:44:41","NO_FINES"
"KA51AL0774","","1000","82516192","KA51AL0774","15-07-2026","23-06-2026","14:38","Banaswadi 7th Mn Rd, 2nd crs Om ShaktiTemple Jn(ITMS CAMERA)","FAIL TO USE SAFETY BELTS","500","01-09-2026 14:44:46","HAS_FINES"
"KA51AL0774","","1000","84375779","KA51AL0774","11-08-2026","10-07-2026","14:50","Hosur Mn Rd Koramangala 80 Ft Rd Jn (ITMS CAMERA)","FAIL TO USE SAFETY BELTS","500","01-09-2026 14:44:46","HAS_FINES"
"KA51AL0778","","0","N/A","KA51AL0778","N/A","N/A","N/A","N/A","NO FINES FOUND","0","01-09-2026 14:44:51","NO_FINES"
"KA51AL0785","","2000","84347306","KA51AL0785","10-08-2026","16-07-2026","03:42","Kalasipalya Main Rd Jn (ITMS CAMERA)","JUMPING TRAFFIC SIGNALS","500","01-09-2026 14:44:55","HAS_FINES"
"KA51AL0785","","2000","84414412","KA51AL0785","12-08-2026","18-07-2026","04:03","Indiranagar, 12th Main Rd, HAL 2nd Stage, Jn (ITMS CAMERA)","JUMPING TRAFFIC SIGNALS","500","01-09-2026 14:44:55","HAS_FINES"
"KA51AL0785","","2000","84483518","KA51AL0785","13-08-2026","12-08-2026","02:26","AIRPORT TO CITY SPEED CAMERA BIAL ROAD","PARKING NEAR TRAFFIC LIGHT / STOPPING ON ZEBRA CROSS","1000","01-09-2026 14:44:55","HAS_FINES"
"KA51AL0779","","1000","85022224","KA51AL0779","28-08-2026","12-07-2026","10:47","ASTraM APP VIOLATION","PARKING ON FOOTPATH","1000","01-09-2026 14:45:00","HAS_FINES"
"KA51AL0771","","1000","82597239","KA51AL0771","15-07-2026","21-06-2026","01:47","Indiranagar, 12th Main Rd, HAL 2nd Stage, Jn (ITMS CAMERA)","PARKING NEAR TRAFFIC LIGHT / STOPPING ON ZEBRA CROSS","1000","01-09-2026 14:45:05","HAS_FINES"
"KA51AL0772","","2000","85020324","KA51AL0772","28-08-2026","13-07-2026","09:17","ASTraM APP VIOLATION","WRONG PARKING","1000","01-09-2026 14:45:09","HAS_FINES"
"KA51AL0772","","2000","85166754","KA51AL0772","29-08-2026","16-07-2026","09:05","ASTraM APP VIOLATION","WRONG PARKING","1000","01-09-2026 14:45:09","HAS_FINES"
"KA51AL0744","","500","85180018","KA51AL0744","29-08-2026","26-07-2026","01:30","BTM 29th Main Axa Signal (ITMS CAMERA)","JUMPING TRAFFIC SIGNALS","500","01-09-2026 14:45:14","HAS_FINES"
"KA51AL0775","","500","85075715","KA51AL0775","28-08-2026","25-07-2026","14:16","AIRPORT TO CITY SPEED CAMERA BIAL ROAD","FAIL TO USE SAFETY BELTS","500","01-09-2026 14:45:19","HAS_FINES"
"KA51AL0768","","1500","84463252","KA51AL0768","13-08-2026","22-07-2026","10:46","Swami Vivekananda Rd, Murphy Town Jn (ITMS CAMERA)","FAIL TO USE SAFETY BELTS","500","01-09-2026 14:45:24","HAS_FINES"
"KA51AL0768","","1500","84630142","KA51AL0768","18-08-2026","15-08-2026","11:55","ASTraM APP VIOLATION","WRONG PARKING","1000","01-09-2026 14:45:24","HAS_FINES"
"KA05AQ3645","","0","N/A","KA05AQ3645","N/A","N/A","N/A","N/A","NO FINES FOUND","0","01-09-2026 14:45:28","NO_FINES"
"KA05AQ3640","","0","N/A","KA05AQ3640","N/A","N/A","N/A","N/A","NO FINES FOUND","0","01-09-2026 14:45:33","NO_FINES"
"KA05AQ3650","","0","N/A","KA05AQ3650","N/A","N/A","N/A","N/A","NO FINES FOUND","0","01-09-2026 14:45:37","NO_FINES"
"KA05AQ3641","","0","N/A","KA05AQ3641","N/A","N/A","N/A","N/A","NO FINES FOUND","0","01-09-2026 14:45:42","NO_FINES"
"KA05AQ2876","","1000","84802190","KA05AQ2876","24-08-2026","30-06-2026","13:41","ASTraM APP VIOLATION","PARKING IN A MAIN ROAD","1000","01-09-2026 14:45:47","HAS_FINES"
"KA05AQ2878","","0","N/A","KA05AQ2878","N/A","N/A","N/A","N/A","NO FINES FOUND","0","01-09-2026 14:45:51","NO_FINES"
"KA05AQ2871","","0","N/A","KA05AQ2871","N/A","N/A","N/A","N/A","NO FINES FOUND","0","01-09-2026 14:45:56","NO_FINES"
"KA05AQ2880","","0","N/A","KA05AQ2880","N/A","N/A","N/A","N/A","NO FINES FOUND","0","01-09-2026 14:46:00","NO_FINES"
"KA05AQ2886","","1500","82733245","KA05AQ2886","15-07-2026","18-06-2026","14:49","AIRPORT TO CITY SPEED CAMERA BIAL ROAD","FAIL TO USE SAFETY BELTS","500","01-09-2026 14:46:05","HAS_FINES"
"KA05AQ2886","","1500","84933349","KA05AQ2886","25-08-2026","30-07-2026","15:17","Sadashivanagar ps Jn (ITMS CAMERA)","FAIL TO USE SAFETY BELTS","500","01-09-2026 14:46:05","HAS_FINES"
"KA05AQ2886","","1500","85104535","KA05AQ2886","28-08-2026","25-08-2026","13:28","AIRPORT TO CITY SPEED CAMERA BIAL ROAD","FAIL TO USE SAFETY BELTS","500","01-09-2026 14:46:05","HAS_FINES"
"KA05AQ3837","","500","83376551","KA05AQ3837","23-07-2026","19-07-2026","16:07","AIRPORT TO CITY SPEED CAMERA BIAL ROAD","FAIL TO USE SAFETY BELTS","500","01-09-2026 14:46:10","HAS_FINES"
"KA05AQ4814","","0","N/A","KA05AQ4814","N/A","N/A","N/A","N/A","NO FINES FOUND","0","01-09-2026 14:46:15","NO_FINES"
"KA05AQ3651","","1000","82061046","KA05AQ3651","14-07-2026","23-05-2026","12:13","ASTraM APP VIOLATION","WRONG PARKING","1000","01-09-2026 14:46:19","HAS_FINES"
"KA05AQ3836","","1000","84997386","KA05AQ3836","27-08-2026","04-07-2026","11:33","ASTraM APP VIOLATION","WRONG PARKING","1000","01-09-2026 14:46:24","HAS_FINES"
"KA51AL1773","","1500","83412709","KA51AL1773","24-07-2026","01-06-2026","09:55","ASTraM APP VIOLATION","FAIL TO USE SAFETY BELTS","500","01-09-2026 14:46:29","HAS_FINES"
"KA51AL1773","","1500","85006805","KA51AL1773","27-08-2026","05-07-2026","17:01","ASTraM APP VIOLATION","PARKING IN A MAIN ROAD","1000","01-09-2026 14:46:29","HAS_FINES"
"KA51AL1764","","500","85083591","KA51AL1764","28-08-2026","28-07-2026","01:28","BTM 29th Main Axa Signal (ITMS CAMERA)","JUMPING TRAFFIC SIGNALS","500","01-09-2026 14:46:33","HAS_FINES"
"KA51AL1766","","1500","82407168","KA51AL1766","15-07-2026","25-06-2026","16:34","Kathriguppe Circle (ITMS CAMERA)","FAIL TO USE SAFETY BELTS","500","01-09-2026 14:46:38","HAS_FINES"
"KA51AL1766","","1500","82408935","KA51AL1766","15-07-2026","27-06-2026","04:02","K H road , Siddiah road Jn (ITMS CAMERA)","JUMPING TRAFFIC SIGNALS","500","01-09-2026 14:46:38","HAS_FINES"
"KA51AL1766","","1500","84797439","KA51AL1766","21-08-2026","25-07-2026","04:07","BTM 29th Main Axa Signal (ITMS CAMERA)","JUMPING TRAFFIC SIGNALS","500","01-09-2026 14:46:38","HAS_FINES"
"KA51AL1770","","0","N/A","KA51AL1770","N/A","N/A","N/A","N/A","NO FINES FOUND","0","01-09-2026 14:46:43","NO_FINES"
"KA51AL1759","","2000","82787994","KA51AL1759","15-07-2026","01-07-2026","23:18","Kalasipalya Main Rd Jn (ITMS CAMERA)","JUMPING TRAFFIC SIGNALS","500","01-09-2026 14:46:47","HAS_FINES"
"KA51AL1759","","2000","83277840","KA51AL1759","21-07-2026","06-07-2026","22:57","JP Nagar,35th Main Rd, 15 cross Jn (ITMS CAMERA)","JUMPING TRAFFIC SIGNALS","500","01-09-2026 14:46:47","HAS_FINES"
"KA51AL1759","","2000","83916674","KA51AL1759","03-08-2026","15-07-2026","15:56","Dosusa Circle (ITMS CAMERA)","FAIL TO USE SAFETY BELTS","500","01-09-2026 14:46:47","HAS_FINES"
"KA51AL1759","","2000","84065536","KA51AL1759","03-08-2026","15-07-2026","15:37","Swami Vivekananda Rd, Murphy Town Jn (ITMS CAMERA)","FAIL TO USE SAFETY BELTS","500","01-09-2026 14:46:47","HAS_FINES"
"KA51AL1763","","2500","82588000","KA51AL1763","15-07-2026","20-06-2026","14:12","Kanakapur road Vanivilas Road Jn (ITMS CAMERA)","JUMPING TRAFFIC SIGNALS","500","01-09-2026 14:46:52","HAS_FINES"
"KA51AL1763","","2500","82283635","KA51AL1763","15-07-2026","25-06-2026","10:01","BRV JN (ITMS CAMERA)","JUMPING TRAFFIC SIGNALS","500","01-09-2026 14:46:52","HAS_FINES"
"KA51AL1763","","2500","82343234","KA51AL1763","15-07-2026","28-06-2026","03:45","Sadashivanagar ps Jn (ITMS CAMERA)","JUMPING TRAFFIC SIGNALS","500","01-09-2026 14:46:52","HAS_FINES"
"KA51AL1763","","2500","82237787","KA51AL1763","15-07-2026","30-06-2026","02:35","New Bell road Ramaiah hospital (ITMS CAMERA)","JUMPING TRAFFIC SIGNALS","500","01-09-2026 14:46:52","HAS_FINES"
"KA51AL1763","","2500","84547799","KA51AL1763","14-08-2026","20-07-2026","02:38","BTM 29th Main Axa Signal (ITMS CAMERA)","JUMPING TRAFFIC SIGNALS","500","01-09-2026 14:46:52","HAS_FINES"
"KA51AL1784","","3500","84812616","KA51AL1784","24-08-2026","26-04-2026","07:31","ASTraM APP VIOLATION","PARKING IN A MAIN ROAD","1000","01-09-2026 14:46:57","HAS_FINES"
"KA51AL1784","","3500","82207758","KA51AL1784","15-07-2026","27-06-2026","00:32","Koramangala Aishwarya Jn (ITMS CAMERA)","JUMPING TRAFFIC SIGNALS","500","01-09-2026 14:46:57","HAS_FINES"
"KA51AL1784","","3500","82355300","KA51AL1784","15-07-2026","30-06-2026","05:54","Old Madras Road 80 Feet cross Road (ITMS CAMERA)","JUMPING TRAFFIC SIGNALS","500","01-09-2026 14:46:57","HAS_FINES"
"KA51AL1784","","3500","82313746","KA51AL1784","15-07-2026","30-06-2026","01:06","Koramangala Aishwarya Jn (ITMS CAMERA)","JUMPING TRAFFIC SIGNALS","500","01-09-2026 14:46:57","HAS_FINES"
"KA51AL1784","","3500","83427382","KA51AL1784","24-07-2026","09-07-2026","13:46","Navaranga circle (ITMS CAMERA)","JUMPING TRAFFIC SIGNALS","500","01-09-2026 14:46:57","HAS_FINES"
"KA51AL1784","","3500","84943668","KA51AL1784","25-08-2026","23-07-2026","02:34","BTM 29th Main Axa Signal (ITMS CAMERA)","JUMPING TRAFFIC SIGNALS","500","01-09-2026 14:46:57","HAS_FINES"
"KA51AL1796","","2500","82603891","KA51AL1796","15-07-2026","20-06-2026","04:16","Navaranga circle (ITMS CAMERA)","PARKING NEAR TRAFFIC LIGHT / STOPPING ON ZEBRA CROSS","1000","01-09-2026 15:02:58","HAS_FINES"
"KA51AL1796","","2500","82551254","KA51AL1796","15-07-2026","21-06-2026","02:21","BTM 29th Main Axa Signal (ITMS CAMERA)","JUMPING TRAFFIC SIGNALS","500","01-09-2026 15:02:58","HAS_FINES"
"KA51AL1796","","2500","85251790","KA51AL1796","31-08-2026","22-07-2026","10:30","ASTraM APP VIOLATION","PARKING IN A MAIN ROAD","1000","01-09-2026 15:02:58","HAS_FINES"
"KA51AL1797","","3500","82755078","KA51AL1797","15-07-2026","02-07-2026","03:02","Banaswadi 7th Mn Rd, 2nd crs Om ShaktiTemple Jn(ITMS CAMERA)","JUMPING TRAFFIC SIGNALS","500","01-09-2026 15:03:02","HAS_FINES"
"KA51AL1797","","3500","83004645","KA51AL1797","16-07-2026","03-07-2026","01:44","Indiranagar, 12th Main Rd, HAL 2nd Stage, Jn (ITMS CAMERA)","JUMPING TRAFFIC SIGNALS","500","01-09-2026 15:03:02","HAS_FINES"
"KA51AL1797","","3500","84937338","KA51AL1797","25-08-2026","21-07-2026","00:05","Indiranagar, 12th Main Rd, HAL 2nd Stage, Jn (ITMS CAMERA)","PARKING NEAR TRAFFIC LIGHT / STOPPING ON ZEBRA CROSS","1000","01-09-2026 15:03:02","HAS_FINES"
"KA51AL1797","","3500","84494669","KA51AL1797","13-08-2026","21-07-2026","02:37","Indiranagar, 12th Main Rd, HAL 2nd Stage, Jn (ITMS CAMERA)","JUMPING TRAFFIC SIGNALS","500","01-09-2026 15:03:02","HAS_FINES"
"KA51AL1797","","3500","85298944","KA51AL1797","31-08-2026","28-08-2026","02:14","AIRPORT TO CITY SPEED CAMERA BIAL ROAD","PARKING NEAR TRAFFIC LIGHT / STOPPING ON ZEBRA CROSS","1000","01-09-2026 15:03:02","HAS_FINES"
"KA51AL1789","","0","N/A","KA51AL1789","N/A","N/A","N/A","N/A","NO FINES FOUND","0","01-09-2026 15:03:07","NO_FINES"
"KA51AL1785","","500","83786465","KA51AL1785","29-07-2026","09-07-2026","06:50","Navaranga circle (ITMS CAMERA)","JUMPING TRAFFIC SIGNALS","500","01-09-2026 15:03:12","HAS_FINES"
"KA51AL1781","","3500","82200190","KA51AL1781","15-07-2026","26-06-2026","13:02","Jayanagar 4th main 27th cross (ITMS CAMERA)","FAIL TO USE SAFETY BELTS","500","01-09-2026 15:03:16","HAS_FINES"
"KA51AL1781","","3500","82232491","KA51AL1781","15-07-2026","30-06-2026","23:50","Indiranagar, 12th Main Rd, HAL 2nd Stage, Jn (ITMS CAMERA)","JUMPING TRAFFIC SIGNALS","500","01-09-2026 15:03:16","HAS_FINES"
"KA51AL1781","","3500","83204201","KA51AL1781","20-07-2026","06-07-2026","07:02","HAL Old Airport Rd, ASC Jn (ITMS CAMERA)","FAIL TO USE SAFETY BELTS","500","01-09-2026 15:03:16","HAS_FINES"
"KA51AL1781","","3500","83157106","KA51AL1781","18-07-2026","06-07-2026","13:44","Kanakapur road Vanivilas Road Jn (ITMS CAMERA)","FAIL TO USE SAFETY BELTS","500","01-09-2026 15:03:16","HAS_FINES"
"KA51AL1781","","3500","83783207","KA51AL1781","29-07-2026","09-07-2026","05:32","BTM 29th Main Axa Signal (ITMS CAMERA)","JUMPING TRAFFIC SIGNALS","500","01-09-2026 15:03:16","HAS_FINES"
"KA51AL1781","","3500","84489108","KA51AL1781","13-08-2026","21-07-2026","02:05","Indiranagar, 12th Main Rd, HAL 2nd Stage, Jn (ITMS CAMERA)","JUMPING TRAFFIC SIGNALS","500","01-09-2026 15:03:16","HAS_FINES"
"KA51AL1781","","3500","84555588","KA51AL1781","15-08-2026","24-07-2026","04:32","Bhashyam circle (ITMS CAMERA)","JUMPING TRAFFIC SIGNALS","500","01-09-2026 15:03:16","HAS_FINES"
"KA51AL1782","","2000","82159280","KA51AL1782","14-07-2026","25-05-2026","17:08","ASTraM APP VIOLATION","WRONG PARKING","1000","01-09-2026 15:03:21","HAS_FINES"
"KA51AL1782","","2000","82499785","KA51AL1782","15-07-2026","20-06-2026","09:18","Jayanagar 4th main 27th cross (ITMS CAMERA)","JUMPING TRAFFIC SIGNALS","500","01-09-2026 15:03:21","HAS_FINES"
"KA51AL1782","","2000","82646889","KA51AL1782","15-07-2026","04-07-2026","01:39","Banaswadi 7th Mn Rd, 2nd crs Om ShaktiTemple Jn(ITMS CAMERA)","JUMPING TRAFFIC SIGNALS","500","01-09-2026 15:03:21","HAS_FINES"
"KA05AQ4789","","1000","82038830","KA05AQ4789","14-07-2026","21-06-2026","22:40","ASTraM APP VIOLATION","NO PARKING","1000","01-09-2026 15:03:26","HAS_FINES"
"KA05AQ4864","","0","N/A","KA05AQ4864","N/A","N/A","N/A","N/A","NO FINES FOUND","0","01-09-2026 15:03:30","NO_FINES"
"KA05AQ4791","","1000","82046041","KA05AQ4791","14-07-2026","25-06-2026","12:27","ASTraM APP VIOLATION","NO PARKING","1000","01-09-2026 15:03:35","HAS_FINES"
"KA05AQ4800","","1500","82130979","KA05AQ4800","14-07-2026","26-05-2026","11:57","ASTraM APP VIOLATION","WRONG PARKING","1000","01-09-2026 15:03:40","HAS_FINES"
"KA05AQ4800","","1500","82952801","KA05AQ4800","15-07-2026","01-07-2026","04:53","BTM 29th Main Axa Signal (ITMS CAMERA)","JUMPING TRAFFIC SIGNALS","500","01-09-2026 15:03:40","HAS_FINES"
"KA05AQ4790","","0","N/A","KA05AQ4790","N/A","N/A","N/A","N/A","NO FINES FOUND","0","01-09-2026 15:03:44","NO_FINES"
"KA05AQ4823","","0","N/A","KA05AQ4823","N/A","N/A","N/A","N/A","NO FINES FOUND","0","01-09-2026 15:03:49","NO_FINES"
"KA05AQ4827","","3000","82833656","KA05AQ4827","15-07-2026","07-07-2026","17:27","AIRPORT TO CITY SPEED CAMERA BIAL ROAD","FAIL TO USE SAFETY BELTS","500","01-09-2026 15:03:54","HAS_FINES"
"KA05AQ4827","","3000","85039801","KA05AQ4827","28-08-2026","16-07-2026","14:13","AIRPORT TO CITY SPEED CAMERA BIAL ROAD","FAIL TO USE SAFETY BELTS","500","01-09-2026 15:03:54","HAS_FINES"
"KA05AQ4827","","3000","85070782","KA05AQ4827","28-08-2026","17-07-2026","15:21","AIRPORT TO CITY SPEED CAMERA BIAL ROAD","FAIL TO USE SAFETY BELTS","500","01-09-2026 15:03:54","HAS_FINES"
"KA05AQ4827","","3000","84256068","KA05AQ4827","07-08-2026","20-07-2026","17:38","Navaranga circle (ITMS CAMERA)","PARKING NEAR TRAFFIC LIGHT / STOPPING ON ZEBRA CROSS","1000","01-09-2026 15:03:54","HAS_FINES"
"KA05AQ4827","","3000","83372367","KA05AQ4827","23-07-2026","21-07-2026","16:21","AIRPORT TO CITY SPEED CAMERA BIAL ROAD","FAIL TO USE SAFETY BELTS","500","01-09-2026 15:03:54","HAS_FINES"
"KA05AQ4830","","2000","82808156","KA05AQ4830","15-07-2026","16-06-2026","08:47","AIRPORT TO CITY SPEED CAMERA BIAL ROAD","FAIL TO USE SAFETY BELTS","500","01-09-2026 15:03:59","HAS_FINES"
"KA05AQ4830","","2000","82623332","KA05AQ4830","15-07-2026","21-06-2026","22:27","Banaswadi 7th Mn Rd, 2nd crs Om ShaktiTemple Jn(ITMS CAMERA)","PARKING NEAR TRAFFIC LIGHT / STOPPING ON ZEBRA CROSS","1000","01-09-2026 15:03:59","HAS_FINES"
"KA05AQ4830","","2000","84455793","KA05AQ4830","13-08-2026","16-07-2026","02:20","JP Nagar,35th Main Rd, 15 cross Jn (ITMS CAMERA)","JUMPING TRAFFIC SIGNALS","500","01-09-2026 15:03:59","HAS_FINES"
"KA05AQ4834","","500","82635794","KA05AQ4834","15-07-2026","21-06-2026","04:19","Banaswadi 7th Mn Rd, 2nd crs Om ShaktiTemple Jn(ITMS CAMERA)","JUMPING TRAFFIC SIGNALS","500","01-09-2026 15:04:03","HAS_FINES"
"KA05AQ4836","","0","N/A","KA05AQ4836","N/A","N/A","N/A","N/A","NO FINES FOUND","0","01-09-2026 15:04:08","NO_FINES"
"KA05AQ4792","","1500","84800273","KA05AQ4792","24-08-2026","28-04-2026","11:24","ASTraM APP VIOLATION","WRONG PARKING","1000","01-09-2026 15:04:13","HAS_FINES"
"KA05AQ4792","","1500","82673268","KA05AQ4792","15-07-2026","03-07-2026","00:25","Indiranagar, 12th Main Rd, HAL 2nd Stage, Jn (ITMS CAMERA)","JUMPING TRAFFIC SIGNALS","500","01-09-2026 15:04:13","HAS_FINES"
"KA05AQ4820","","500","82107743","KA05AQ4820","14-07-2026","17-05-2026","11:58","ASTraM APP VIOLATION","JUMPING TRAFFIC SIGNALS","500","01-09-2026 15:04:17","HAS_FINES"
"KA05AQ4866","","0","N/A","KA05AQ4866","N/A","N/A","N/A","N/A","NO FINES FOUND","0","01-09-2026 15:04:22","NO_FINES"
"KA05AQ4797","","0","N/A","KA05AQ4797","N/A","N/A","N/A","N/A","NO FINES FOUND","0","01-09-2026 15:04:27","NO_FINES"
"KA05AQ4802","","0","N/A","KA05AQ4802","N/A","N/A","N/A","N/A","NO FINES FOUND","0","01-09-2026 15:04:31","NO_FINES"
"KA05AQ4788","","0","N/A","KA05AQ4788","N/A","N/A","N/A","N/A","NO FINES FOUND","0","01-09-2026 15:04:36","NO_FINES"
"KA05AQ4839","","2500","84802638","KA05AQ4839","24-08-2026","17-04-2026","10:52","ASTraM APP VIOLATION","PARKING IN A MAIN ROAD","1000","01-09-2026 15:04:40","HAS_FINES"
"KA05AQ4839","","2500","82526495","KA05AQ4839","15-07-2026","22-06-2026","01:57","BTM 29th Main Axa Signal (ITMS CAMERA)","JUMPING TRAFFIC SIGNALS","500","01-09-2026 15:04:40","HAS_FINES"
"KA05AQ4839","","2500","82520446","KA05AQ4839","15-07-2026","22-06-2026","04:42","BTM 29th Main Axa Signal (ITMS CAMERA)","JUMPING TRAFFIC SIGNALS","500","01-09-2026 15:04:40","HAS_FINES"
"KA05AQ4839","","2500","82472993","KA05AQ4839","15-07-2026","25-06-2026","00:40","K H road , Siddiah road Jn (ITMS CAMERA)","JUMPING TRAFFIC SIGNALS","500","01-09-2026 15:04:40","HAS_FINES"
"KA05AQ7127","","500","82937112","KA05AQ7127","15-07-2026","12-07-2026","15:11","Airport Elevated Road (Bellary Road) AND At grade1","FAIL TO USE SAFETY BELTS","500","01-09-2026 15:04:45","HAS_FINES"
"KA05AQ7125","","0","N/A","KA05AQ7125","N/A","N/A","N/A","N/A","NO FINES FOUND","0","01-09-2026 15:04:50","NO_FINES"
"KA05AQ7123","","2500","82802866","KA05AQ7123","15-07-2026","10-06-2026","14:23","AIRPORT TO CITY SPEED CAMERA BIAL ROAD","FAIL TO USE SAFETY BELTS","500","01-09-2026 15:04:55","HAS_FINES"
"KA05AQ7123","","2500","82515837","KA05AQ7123","15-07-2026","23-06-2026","02:19","K H road , Siddiah road Jn (ITMS CAMERA)","JUMPING TRAFFIC SIGNALS","500","01-09-2026 15:04:55","HAS_FINES"
"KA05AQ7123","","2500","82285296","KA05AQ7123","15-07-2026","25-06-2026","00:25","Kanakapur road Vanivilas Road Jn (ITMS CAMERA)","JUMPING TRAFFIC SIGNALS","500","01-09-2026 15:04:55","HAS_FINES"
"KA05AQ7123","","2500","83022278","KA05AQ7123","16-07-2026","15-07-2026","10:32","NH75 Kolar Road","FAIL TO USE SAFETY BELTS","500","01-09-2026 15:04:55","HAS_FINES"
"KA05AQ7123","","2500","84456063","KA05AQ7123","13-08-2026","19-07-2026","14:17","Chandirka Hotel (ITMS CAMERA)","FAIL TO USE SAFETY BELTS","500","01-09-2026 15:04:55","HAS_FINES"
"KA05AQ7120","","0","N/A","KA05AQ7120","N/A","N/A","N/A","N/A","NO FINES FOUND","0","01-09-2026 15:04:59","NO_FINES"
"KA05AQ7118","","1000","84489715","KA05AQ7118","13-08-2026","18-07-2026","01:32","Indiranagar, 12th Main Rd, HAL 2nd Stage, Jn (ITMS CAMERA)","JUMPING TRAFFIC SIGNALS","500","01-09-2026 15:05:04","HAS_FINES"
"KA05AQ7118","","1000","84475558","KA05AQ7118","13-08-2026","12-08-2026","08:47","Airport Elevated Road (Bellary Road) AND At grade1","FAIL TO USE SAFETY BELTS","500","01-09-2026 15:05:04","HAS_FINES"
"KA05AQ7692","","0","N/A","KA05AQ7692","N/A","N/A","N/A","N/A","NO FINES FOUND","0","01-09-2026 15:05:09","NO_FINES"
"KA05AQ8214","","0","N/A","KA05AQ8214","N/A","N/A","N/A","N/A","NO FINES FOUND","0","01-09-2026 15:05:13","NO_FINES"
"KA05AQ8211","","0","N/A","KA05AQ8211","N/A","N/A","N/A","N/A","NO FINES FOUND","0","01-09-2026 15:05:18","NO_FINES"
"KA05AQ8215","","0","N/A","KA05AQ8215","N/A","N/A","N/A","N/A","NO FINES FOUND","0","01-09-2026 15:05:22","NO_FINES"
"KA05AQ8205","","1000","82998112","KA05AQ8205","16-07-2026","03-07-2026","02:36","Koramangala Aishwarya Jn (ITMS CAMERA)","JUMPING TRAFFIC SIGNALS","500","01-09-2026 15:05:27","HAS_FINES"
"KA05AQ8205","","1000","83184792","KA05AQ8205","20-07-2026","06-07-2026","11:56","Hosur Mn Rd Tavarekere Main Rd Jn (ITMS CAMERA)","JUMPING TRAFFIC SIGNALS","500","01-09-2026 15:05:27","HAS_FINES"
"KA51AL9541","","0","N/A","KA51AL9541","N/A","N/A","N/A","N/A","NO FINES FOUND","0","01-09-2026 15:05:32","NO_FINES"
"KA51AL9540","","4000","83352290","KA51AL9540","23-07-2026","31-05-2026","14:05","ASTraM APP VIOLATION","PARKING IN A MAIN ROAD","1000","01-09-2026 15:05:37","HAS_FINES"
"KA51AL9540","","4000","82248190","KA51AL9540","15-07-2026","28-06-2026","03:03","Koramangala Aishwarya Jn (ITMS CAMERA)","JUMPING TRAFFIC SIGNALS","500","01-09-2026 15:05:37","HAS_FINES"
"KA51AL9540","","4000","82222275","KA51AL9540","15-07-2026","28-06-2026","00:26","Indiranagar, 12th Main Rd, HAL 2nd Stage, Jn (ITMS CAMERA)","JUMPING TRAFFIC SIGNALS","500","01-09-2026 15:05:37","HAS_FINES"
"KA51AL9540","","4000","82394589","KA51AL9540","15-07-2026","28-06-2026","03:57","BTM 29th Main Axa Signal (ITMS CAMERA)","JUMPING TRAFFIC SIGNALS","500","01-09-2026 15:05:37","HAS_FINES"
"KA51AL9540","","4000","84273576","KA51AL9540","10-08-2026","18-07-2026","23:19","Indiranagar, 12th Main Rd, HAL 2nd Stage, Jn (ITMS CAMERA)","JUMPING TRAFFIC SIGNALS","500","01-09-2026 15:05:37","HAS_FINES"
"KA51AL9540","","4000","84539326","KA51AL9540","14-08-2026","18-07-2026","01:11","Indiranagar, 12th Main Rd, HAL 2nd Stage, Jn (ITMS CAMERA)","JUMPING TRAFFIC SIGNALS","500","01-09-2026 15:05:37","HAS_FINES"
"KA51AL9540","","4000","84681529","KA51AL9540","19-08-2026","24-07-2026","17:40","Kalasipalya Main Rd Jn (ITMS CAMERA)","FAIL TO USE SAFETY BELTS","500","01-09-2026 15:05:37","HAS_FINES"
"KA51AL9581","","500","82543454","KA51AL9581","15-07-2026","20-06-2026","02:04","Koramangala Aishwarya Jn (ITMS CAMERA)","JUMPING TRAFFIC SIGNALS","500","01-09-2026 15:05:41","HAS_FINES"
"KA51AL9546","","0","N/A","KA51AL9546","N/A","N/A","N/A","N/A","NO FINES FOUND","0","01-09-2026 15:05:46","NO_FINES"
"KA51AL9550","","4500","84448949","KA51AL9550","12-08-2026","18-07-2026","02:54","Indiranagar, 12th Main Rd, HAL 2nd Stage, Jn (ITMS CAMERA)","JUMPING TRAFFIC SIGNALS","500","01-09-2026 15:05:51","HAS_FINES"
"KA51AL9550","","4500","84672487","KA51AL9550","19-08-2026","20-07-2026","04:58","Sampige Rd 18th cross road (ITMS CAMERA)","PARKING NEAR TRAFFIC LIGHT / STOPPING ON ZEBRA CROSS","1000","01-09-2026 15:05:51","HAS_FINES"
"KA51AL9550","","4500","84902527","KA51AL9550","24-08-2026","21-07-2026","00:51","BTM 29th Main Axa Signal (ITMS CAMERA)","PARKING NEAR TRAFFIC LIGHT / STOPPING ON ZEBRA CROSS","1000","01-09-2026 15:05:51","HAS_FINES"
"KA51AL9550","","4500","85238495","KA51AL9550","31-08-2026","23-07-2026","09:18","ASTraM APP VIOLATION","PARKING IN A MAIN ROAD","1000","01-09-2026 15:05:51","HAS_FINES"
"KA51AL9550","","4500","85354767","KA51AL9550","01-09-2026","27-07-2026","09:20","ASTraM APP VIOLATION","PARKING IN A MAIN ROAD","1000","01-09-2026 15:05:51","HAS_FINES"
"KA51AL9649","","2000","83287523","KA51AL9649","22-07-2026","30-05-2026","14:48","ASTraM APP VIOLATION","WRONG PARKING","1000","01-09-2026 15:05:55","HAS_FINES"
"KA51AL9649","","2000","83664708","KA51AL9649","29-07-2026","03-06-2026","18:51","ASTraM APP VIOLATION","NO PARKING","1000","01-09-2026 15:05:55","HAS_FINES"
"KA51AL9653","","2000","83401246","KA51AL9653","23-07-2026","08-07-2026","09:16","Old Madras Road 80 Feet cross Road (ITMS CAMERA)","JUMPING TRAFFIC SIGNALS","500","01-09-2026 15:06:00","HAS_FINES"
"KA51AL9653","","2000","84794127","KA51AL9653","21-08-2026","20-08-2026","09:46","Devenahalli road","FAIL TO USE SAFETY BELTS","500","01-09-2026 15:06:00","HAS_FINES"
"KA51AL9653","","2000","85135022","KA51AL9653","28-08-2026","24-08-2026","06:21","AIRPORT TO CITY SPEED CAMERA BIAL ROAD","FAIL TO USE SAFETY BELTS","500","01-09-2026 15:06:00","HAS_FINES"
"KA51AL9653","","2000","85066076","KA51AL9653","28-08-2026","25-08-2026","13:52","AIRPORT TO CITY SPEED CAMERA BIAL ROAD","FAIL TO USE SAFETY BELTS","500","01-09-2026 15:06:00","HAS_FINES"
"KA51AL9664","","1000","84806017","KA51AL9664","24-08-2026","25-04-2026","17:52","ASTraM APP VIOLATION","PARKING IN A MAIN ROAD","1000","01-09-2026 15:06:05","HAS_FINES"
"KA51AL9661","","500","85404161","KA51AL9661","01-09-2026","04-08-2026","07:03","Banaswadi 7th Mn Rd, 2nd crs Om ShaktiTemple Jn(ITMS CAMERA)","FAIL TO USE SAFETY BELTS","500","01-09-2026 15:06:10","HAS_FINES"
"KA51AL9642","","1000","82691010","KA51AL9642","15-07-2026","04-07-2026","03:22","Old Madras Road 80 Feet cross Road (ITMS CAMERA)","JUMPING TRAFFIC SIGNALS","500","01-09-2026 15:06:14","HAS_FINES"
"KA51AL9642","","1000","83142088","KA51AL9642","18-07-2026","06-07-2026","12:25","Teachers collage circle (ITMS CAMERA)","JUMPING TRAFFIC SIGNALS","500","01-09-2026 15:06:14","HAS_FINES"
"KA51AL9647","","1500","82440879","KA51AL9647","15-07-2026","25-06-2026","17:24","Thanisandra Road","FAIL TO USE SAFETY BELTS","500","01-09-2026 15:06:19","HAS_FINES"
"KA51AL9647","","1500","84708479","KA51AL9647","19-08-2026","17-07-2026","00:01","BTM 29th Main Axa Signal (ITMS CAMERA)","JUMPING TRAFFIC SIGNALS","500","01-09-2026 15:06:19","HAS_FINES"
"KA51AL9647","","1500","84433069","KA51AL9647","12-08-2026","19-07-2026","02:44","BTM 29th Main Axa Signal (ITMS CAMERA)","JUMPING TRAFFIC SIGNALS","500","01-09-2026 15:06:19","HAS_FINES"
"KA51AL9665","","0","N/A","KA51AL9665","N/A","N/A","N/A","N/A","NO FINES FOUND","0","01-09-2026 15:06:24","NO_FINES"
"KA51AM1061","","2000","84976997","KA51AM1061","27-08-2026","07-07-2026","11:36","ASTraM APP VIOLATION","PARKING IN A MAIN ROAD","1000","01-09-2026 15:06:28","HAS_FINES"
"KA51AM1061","","2000","84964886","KA51AM1061","27-08-2026","07-07-2026","11:15","ASTraM APP VIOLATION","PARKING IN A MAIN ROAD","1000","01-09-2026 15:06:28","HAS_FINES"
"KA51AM1069","","2000","83551851","KA51AM1069","25-07-2026","07-07-2026","10:15","Chandirka Hotel (ITMS CAMERA)","JUMPING TRAFFIC SIGNALS","500","01-09-2026 15:06:33","HAS_FINES"
"KA51AM1069","","2000","84641726","KA51AM1069","18-08-2026","14-07-2026","03:18","BTM 29th Main Axa Signal (ITMS CAMERA)","JUMPING TRAFFIC SIGNALS","500","01-09-2026 15:06:33","HAS_FINES"
"KA51AM1069","","2000","82640796","KA51AM1069","15-07-2026","14-07-2026","17:26","Old Madras Road","FAIL TO USE SAFETY BELTS","500","01-09-2026 15:06:33","HAS_FINES"
"KA51AM1069","","2000","84634484","KA51AM1069","18-08-2026","14-07-2026","02:54","Indiranagar, 12th Main Rd, HAL 2nd Stage, Jn (ITMS CAMERA)","JUMPING TRAFFIC SIGNALS","500","01-09-2026 15:06:33","HAS_FINES"
"KA51AM1074","","0","N/A","KA51AM1074","N/A","N/A","N/A","N/A","NO FINES FOUND","0","01-09-2026 15:06:38","NO_FINES"
"KA51AM1078","","1000","82471640","KA51AM1078","15-07-2026","23-06-2026","01:42","Indiranagar, 12th Main Rd, HAL 2nd Stage, Jn (ITMS CAMERA)","JUMPING TRAFFIC SIGNALS","500","01-09-2026 15:06:43","HAS_FINES"
"KA51AM1078","","1000","84107875","KA51AM1078","04-08-2026","16-07-2026","02:21","BTM 29th Main Axa Signal (ITMS CAMERA)","JUMPING TRAFFIC SIGNALS","500","01-09-2026 15:06:43","HAS_FINES"
"KA51AM1068","","0","N/A","KA51AM1068","N/A","N/A","N/A","N/A","NO FINES FOUND","0","01-09-2026 15:06:47","NO_FINES"
"KA51AM1977","","2000","84821303","KA51AM1977","24-08-2026","21-04-2026","12:57","ASTraM APP VIOLATION","PARKING IN A MAIN ROAD","1000","01-09-2026 15:23:21","HAS_FINES"
"KA51AM1977","","2000","85276905","KA51AM1977","31-08-2026","27-08-2026","01:23","AIRPORT TO CITY SPEED CAMERA BIAL ROAD","PARKING NEAR TRAFFIC LIGHT / STOPPING ON ZEBRA CROSS","1000","01-09-2026 15:23:21","HAS_FINES"
"KA51AM1986","","2000","83999298","KA51AM1986","03-08-2026","10-07-2026","03:07","BTM 29th Main Axa Signal (ITMS CAMERA)","JUMPING TRAFFIC SIGNALS","500","01-09-2026 15:23:26","HAS_FINES"
"KA51AM1986","","2000","83027945","KA51AM1986","16-07-2026","15-07-2026","09:30","Airport Elevated Road (Bellary Road) AND At grade2","FAIL TO USE SAFETY BELTS","500","01-09-2026 15:23:26","HAS_FINES"
"KA51AM1986","","2000","84461221","KA51AM1986","13-08-2026","21-07-2026","03:26","Indiranagar, 12th Main Rd, HAL 2nd Stage, Jn (ITMS CAMERA)","PARKING NEAR TRAFFIC LIGHT / STOPPING ON ZEBRA CROSS","1000","01-09-2026 15:23:26","HAS_FINES"
"KA51AM1995","","1000","85175727","KA51AM1995","29-08-2026","17-07-2026","09:25","ASTraM APP VIOLATION","PARKING IN A MAIN ROAD","1000","01-09-2026 15:23:30","HAS_FINES"
"KA51AM1969","","500","82541270","KA51AM1969","15-07-2026","21-06-2026","22:40","Banaswadi 7th Mn Rd, 2nd crs Om ShaktiTemple Jn(ITMS CAMERA)","JUMPING TRAFFIC SIGNALS","500","01-09-2026 15:23:35","HAS_FINES"
"KA51AM1989","","1000","83013891","KA51AM1989","16-07-2026","03-07-2026","01:20","Banaswadi 7th Mn Rd, 2nd crs Om ShaktiTemple Jn(ITMS CAMERA)","JUMPING TRAFFIC SIGNALS","500","01-09-2026 15:23:40","HAS_FINES"
"KA51AM1989","","1000","82877598","KA51AM1989","15-07-2026","04-07-2026","06:27","Dr.Rajkumar Statue, Jn, Domlur (ITMS CAMERA)","JUMPING TRAFFIC SIGNALS","500","01-09-2026 15:23:40","HAS_FINES"
"KA51AM1967","","500","83980708","KA51AM1967","03-08-2026","16-07-2026","17:58","Kanakapur road Vanivilas Road Jn (ITMS CAMERA)","JUMPING TRAFFIC SIGNALS","500","01-09-2026 15:23:45","HAS_FINES"
"KA51AM1984","","2500","82509206","KA51AM1984","15-07-2026","22-06-2026","00:24","New Bell road Ramaiah hospital (ITMS CAMERA)","JUMPING TRAFFIC SIGNALS","500","01-09-2026 15:23:49","HAS_FINES"
"KA51AM1984","","2500","82170925","KA51AM1984","15-07-2026","28-06-2026","04:53","Banaswadi 7th Mn Rd, 2nd crs Om ShaktiTemple Jn(ITMS CAMERA)","JUMPING TRAFFIC SIGNALS","500","01-09-2026 15:23:49","HAS_FINES"
"KA51AM1984","","2500","82338949","KA51AM1984","15-07-2026","29-06-2026","02:51","Indiranagar, 12th Main Rd, HAL 2nd Stage, Jn (ITMS CAMERA)","JUMPING TRAFFIC SIGNALS","500","01-09-2026 15:23:49","HAS_FINES"
"KA51AM1984","","2500","84535396","KA51AM1984","14-08-2026","12-08-2026","02:25","AIRPORT TO CITY SPEED CAMERA BIAL ROAD","PARKING NEAR TRAFFIC LIGHT / STOPPING ON ZEBRA CROSS","1000","01-09-2026 15:23:49","HAS_FINES"
"KA51AM2008","","0","N/A","KA51AM2008","N/A","N/A","N/A","N/A","NO FINES FOUND","0","01-09-2026 15:23:54","NO_FINES"
"KA51AM2012","","1500","82169688","KA51AM2012","15-07-2026","27-06-2026","00:11","Indiranagar, 12th Main Rd, HAL 2nd Stage, Jn (ITMS CAMERA)","JUMPING TRAFFIC SIGNALS","500","01-09-2026 15:23:59","HAS_FINES"
"KA51AM2012","","1500","82868599","KA51AM2012","15-07-2026","30-06-2026","04:48","BTM 29th Main Axa Signal (ITMS CAMERA)","PARKING NEAR TRAFFIC LIGHT / STOPPING ON ZEBRA CROSS","1000","01-09-2026 15:23:59","HAS_FINES"
"KA51AM2013","","2500","82932972","KA51AM2013","15-07-2026","30-06-2026","01:24","Sadashivanagar ps Jn (ITMS CAMERA)","JUMPING TRAFFIC SIGNALS","500","01-09-2026 15:24:03","HAS_FINES"
"KA51AM2013","","2500","82786684","KA51AM2013","15-07-2026","30-06-2026","02:45","Sadashivanagar ps Jn (ITMS CAMERA)","JUMPING TRAFFIC SIGNALS","500","01-09-2026 15:24:03","HAS_FINES"
"KA51AM2013","","2500","82798539","KA51AM2013","15-07-2026","02-07-2026","00:33","Navaranga circle (ITMS CAMERA)","JUMPING TRAFFIC SIGNALS","500","01-09-2026 15:24:03","HAS_FINES"
"KA51AM2013","","2500","82961040","KA51AM2013","15-07-2026","04-07-2026","04:25","BTM 29th Main Axa Signal (ITMS CAMERA)","PARKING NEAR TRAFFIC LIGHT / STOPPING ON ZEBRA CROSS","1000","01-09-2026 15:24:03","HAS_FINES"
"KA51AM2016","","500","84270721","KA51AM2016","10-08-2026","22-07-2026","10:58","Old Madras Road 80 Feet cross Road (ITMS CAMERA)","JUMPING TRAFFIC SIGNALS","500","01-09-2026 15:24:08","HAS_FINES"
"KA51AM1975","","2000","83475156","KA51AM1975","25-07-2026","30-05-2026","17:14","ASTraM APP VIOLATION","NO PARKING","1000","01-09-2026 15:24:13","HAS_FINES"
"KA51AM1975","","2000","84993572","KA51AM1975","27-08-2026","02-07-2026","09:25","ASTraM APP VIOLATION","NO PARKING","1000","01-09-2026 15:24:13","HAS_FINES"
"KA51AM1968","","1000","84814449","KA51AM1968","24-08-2026","21-04-2026","10:57","ASTraM APP VIOLATION","PARKING IN A MAIN ROAD","1000","01-09-2026 15:24:17","HAS_FINES"
"KA51AM1971","","2500","82778450","KA51AM1971","15-07-2026","03-07-2026","05:07","Indiranagar, 12th Main Rd, HAL 2nd Stage, Jn (ITMS CAMERA)","JUMPING TRAFFIC SIGNALS","500","01-09-2026 15:24:22","HAS_FINES"
"KA51AM1971","","2500","83494823","KA51AM1971","25-07-2026","07-07-2026","14:35","Dr MC Modi hospital road Jn (ITMS CAMERA)","JUMPING TRAFFIC SIGNALS","500","01-09-2026 15:24:22","HAS_FINES"
"KA51AM1971","","2500","83852514","KA51AM1971","30-07-2026","07-07-2026","16:29","BRV JN (ITMS CAMERA)","JUMPING TRAFFIC SIGNALS","500","01-09-2026 15:24:22","HAS_FINES"
"KA51AM1971","","2500","83494258","KA51AM1971","25-07-2026","17-07-2026","20:12","SLF CAMERA CHIKKAJALA","FAIL TO USE SAFETY BELTS","500","01-09-2026 15:24:22","HAS_FINES"
"KA51AM1971","","2500","84962669","KA51AM1971","25-08-2026","23-07-2026","05:46","Banaswadi 7th Mn Rd, 2nd crs Om ShaktiTemple Jn(ITMS CAMERA)","JUMPING TRAFFIC SIGNALS","500","01-09-2026 15:24:22","HAS_FINES"
"KA51AM1997","","500","84428125","KA51AM1997","12-08-2026","18-07-2026","02:40","Indiranagar, 12th Main Rd, HAL 2nd Stage, Jn (ITMS CAMERA)","JUMPING TRAFFIC SIGNALS","500","01-09-2026 15:24:27","HAS_FINES"
"KA51AM1992","","0","N/A","KA51AM1992","N/A","N/A","N/A","N/A","NO FINES FOUND","0","01-09-2026 15:24:32","NO_FINES"
"KA51AM2002","","1000","82607720","KA51AM2002","15-07-2026","19-06-2026","20:55","Sadashivanagar ps Jn (ITMS CAMERA)","JUMPING TRAFFIC SIGNALS","500","01-09-2026 15:24:36","HAS_FINES"
"KA51AM2002","","1000","82480539","KA51AM2002","15-07-2026","26-06-2026","21:02","Indiranagar KFC Jn (ITMS CAMERA)","JUMPING TRAFFIC SIGNALS","500","01-09-2026 15:24:36","HAS_FINES"
"KA51AM2547","","500","82373104","KA51AM2547","15-07-2026","29-06-2026","02:03","Banaswadi 7th Mn Rd, 2nd crs Om ShaktiTemple Jn(ITMS CAMERA)","JUMPING TRAFFIC SIGNALS","500","01-09-2026 15:24:41","HAS_FINES"
"KA51AM2548","","0","N/A","KA51AM2548","N/A","N/A","N/A","N/A","NO FINES FOUND","0","01-09-2026 15:24:46","NO_FINES"
"KA51AM2515","","0","N/A","KA51AM2515","N/A","N/A","N/A","N/A","NO FINES FOUND","0","01-09-2026 15:24:50","NO_FINES"
"KA51AM2517","","0","N/A","KA51AM2517","N/A","N/A","N/A","N/A","NO FINES FOUND","0","01-09-2026 15:24:55","NO_FINES"
"KA51AM2501","","0","N/A","KA51AM2501","N/A","N/A","N/A","N/A","NO FINES FOUND","0","01-09-2026 15:24:59","NO_FINES"
"KA51AM2550","","0","N/A","KA51AM2550","N/A","N/A","N/A","N/A","NO FINES FOUND","0","01-09-2026 15:25:04","NO_FINES"
"KA51AM2503","","2000","83872040","KA51AM2503","03-08-2026","04-06-2026","10:36","ASTraM APP VIOLATION","PARKING IN A MAIN ROAD","1000","01-09-2026 15:25:09","HAS_FINES"
"KA51AM2503","","2000","84440483","KA51AM2503","12-08-2026","22-07-2026","07:20","JP Nagar,35th Main Rd, 15 cross Jn (ITMS CAMERA)","JUMPING TRAFFIC SIGNALS","500","01-09-2026 15:25:09","HAS_FINES"
"KA51AM2503","","2000","84679449","KA51AM2503","19-08-2026","24-07-2026","02:07","Navaranga circle (ITMS CAMERA)","JUMPING TRAFFIC SIGNALS","500","01-09-2026 15:25:09","HAS_FINES"
"KA51AM2541","","0","N/A","KA51AM2541","N/A","N/A","N/A","N/A","NO FINES FOUND","0","01-09-2026 15:25:13","NO_FINES"
"KA51AM2505","","0","N/A","KA51AM2505","N/A","N/A","N/A","N/A","NO FINES FOUND","0","01-09-2026 15:25:18","NO_FINES"
"KA51AM2527","","1000","82337674","KA51AM2527","15-07-2026","23-06-2026","02:48","Jayanagar 4th main 27th cross (ITMS CAMERA)","JUMPING TRAFFIC SIGNALS","500","01-09-2026 15:25:22","HAS_FINES"
"KA51AM2527","","1000","84513410","KA51AM2527","14-08-2026","24-07-2026","19:54","Promenade Rd wheeler road Jn (ITMS CAMERA)","JUMPING TRAFFIC SIGNALS","500","01-09-2026 15:25:22","HAS_FINES"
"KA51AM2544","","1500","84806430","KA51AM2544","24-08-2026","30-04-2026","13:25","ASTraM APP VIOLATION","WRONG PARKING","1000","01-09-2026 15:25:27","HAS_FINES"
"KA51AM2544","","1500","84077517","KA51AM2544","04-08-2026","18-07-2026","10:59","Swami Vivekananda Rd, Murphy Town Jn (ITMS CAMERA)","FAIL TO USE SAFETY BELTS","500","01-09-2026 15:25:27","HAS_FINES"
"KA51AM2509","","2500","84754029","KA51AM2509","21-08-2026","15-04-2026","08:38","ASTraM APP VIOLATION","VIOLATIONS OF SAFETY MEASURES FOR M/C","500","01-09-2026 15:25:32","HAS_FINES"
"KA51AM2509","","2500","84754242","KA51AM2509","21-08-2026","15-04-2026","08:38","ASTraM APP VIOLATION","RIDER-NOT WEARING PROTECTIVE HEAD GEAR","500","01-09-2026 15:25:32","HAS_FINES"
"KA51AM2509","","2500","82533280","KA51AM2509","15-07-2026","16-06-2026","02:29","Sadashivanagar ps Jn (ITMS CAMERA)","JUMPING TRAFFIC SIGNALS","500","01-09-2026 15:25:32","HAS_FINES"
"KA51AM2509","","2500","82783658","KA51AM2509","15-07-2026","01-07-2026","03:00","BTM 29th Main Axa Signal (ITMS CAMERA)","JUMPING TRAFFIC SIGNALS","500","01-09-2026 15:25:32","HAS_FINES"
"KA51AM2509","","2500","82887490","KA51AM2509","15-07-2026","04-07-2026","01:31","Koramangala Aishwarya Jn (ITMS CAMERA)","JUMPING TRAFFIC SIGNALS","500","01-09-2026 15:25:32","HAS_FINES"
"KA51AM2522","","7500","82151179","KA51AM2522","14-07-2026","23-05-2026","18:32","ASTraM APP VIOLATION","PARKING IN A MAIN ROAD","1000","01-09-2026 15:25:37","HAS_FINES"
"KA51AM2522","","7500","82584879","KA51AM2522","15-07-2026","19-06-2026","01:29","Bhashyam circle (ITMS CAMERA)","PARKING NEAR TRAFFIC LIGHT / STOPPING ON ZEBRA CROSS","1000","01-09-2026 15:25:37","HAS_FINES"
"KA51AM2522","","7500","82604029","KA51AM2522","15-07-2026","19-06-2026","00:31","Sadashivanagar ps Jn (ITMS CAMERA)","JUMPING TRAFFIC SIGNALS","500","01-09-2026 15:25:37","HAS_FINES"
"KA51AM2522","","7500","82912518","KA51AM2522","15-07-2026","02-07-2026","04:04","K H road , Siddiah road Jn (ITMS CAMERA)","JUMPING TRAFFIC SIGNALS","500","01-09-2026 15:25:37","HAS_FINES"
"KA51AM2522","","7500","82987358","KA51AM2522","16-07-2026","03-07-2026","04:19","Koramangala Aishwarya Jn (ITMS CAMERA)","JUMPING TRAFFIC SIGNALS","500","01-09-2026 15:25:37","HAS_FINES"
"KA51AM2522","","7500","84027079","KA51AM2522","03-08-2026","09-07-2026","05:09","Indiranagar, 12th Main Rd, HAL 2nd Stage, Jn (ITMS CAMERA)","PARKING NEAR TRAFFIC LIGHT / STOPPING ON ZEBRA CROSS","1000","01-09-2026 15:25:37","HAS_FINES"
"KA51AM2522","","7500","84414096","KA51AM2522","12-08-2026","15-07-2026","05:01","Chikkapet TPS Jn Alur Venkata Rao Rd (ITMS CAMERA)","PARKING NEAR TRAFFIC LIGHT / STOPPING ON ZEBRA CROSS","1000","01-09-2026 15:25:37","HAS_FINES"
"KA51AM2522","","7500","84502312","KA51AM2522","13-08-2026","23-07-2026","06:32","Dr MC Modi hospital road Jn (ITMS CAMERA)","JUMPING TRAFFIC SIGNALS","500","01-09-2026 15:25:37","HAS_FINES"
"KA51AM2522","","7500","84557964","KA51AM2522","15-08-2026","24-07-2026","01:30","Sampige Rd 18th cross road (ITMS CAMERA)","JUMPING TRAFFIC SIGNALS","500","01-09-2026 15:25:37","HAS_FINES"
"KA51AM2522","","7500","84527981","KA51AM2522","14-08-2026","11-08-2026","13:34","AIRPORT TO CITY SPEED CAMERA BIAL ROAD","PARKING NEAR TRAFFIC LIGHT / STOPPING ON ZEBRA CROSS","1000","01-09-2026 15:25:37","HAS_FINES"
"KA51AM2551","","1000","82529052","KA51AM2551","15-07-2026","23-06-2026","00:14","JP Nagar,35th Main Rd, 15 cross Jn (ITMS CAMERA)","JUMPING TRAFFIC SIGNALS","500","01-09-2026 15:25:42","HAS_FINES"
"KA51AM2551","","1000","82795385","KA51AM2551","15-07-2026","04-07-2026","01:11","Banaswadi 7th Mn Rd, 2nd crs Om ShaktiTemple Jn(ITMS CAMERA)","JUMPING TRAFFIC SIGNALS","500","01-09-2026 15:25:42","HAS_FINES"
"KA51AM2554","","500","84130847","KA51AM2554","05-08-2026","04-08-2026","15:34","Tumkur Road Elevated Corridor1","FAIL TO USE SAFETY BELTS","500","01-09-2026 15:25:46","HAS_FINES"
"KA51AM2546","","3500","84122495","KA51AM2546","05-08-2026","27-02-2026","10:21","ASTraM APP VIOLATION","PARKING IN A MAIN ROAD","1000","01-09-2026 15:25:51","HAS_FINES"
"KA51AM2546","","3500","82295432","KA51AM2546","15-07-2026","28-06-2026","01:37","Koramangala Aishwarya Jn (ITMS CAMERA)","PARKING NEAR TRAFFIC LIGHT / STOPPING ON ZEBRA CROSS","1000","01-09-2026 15:25:51","HAS_FINES"
"KA51AM2546","","3500","82320480","KA51AM2546","15-07-2026","30-06-2026","00:46","New Bell road Ramaiah hospital (ITMS CAMERA)","JUMPING TRAFFIC SIGNALS","500","01-09-2026 15:25:51","HAS_FINES"
"KA51AM2546","","3500","82782111","KA51AM2546","15-07-2026","01-07-2026","10:02","Chamarajpet 5th mn bazaar st Jn(ITMS Camera)","FAIL TO USE SAFETY BELTS","500","01-09-2026 15:25:51","HAS_FINES"
"KA51AM2546","","3500","82675823","KA51AM2546","15-07-2026","04-07-2026","02:21","Banaswadi 7th Mn Rd, 2nd crs Om ShaktiTemple Jn(ITMS CAMERA)","JUMPING TRAFFIC SIGNALS","500","01-09-2026 15:25:51","HAS_FINES"
"KA51AM3874","Please Enter RC Holder Name","3500","84122495","KA51AM2546","05-08-2026","27-02-2026","10:21","ASTraM APP VIOLATION","PARKING IN A MAIN ROAD","1000","01-09-2026 15:25:56","HAS_FINES"
"KA51AM3874","Please Enter RC Holder Name","3500","82295432","KA51AM2546","15-07-2026","28-06-2026","01:37","Koramangala Aishwarya Jn (ITMS CAMERA)","PARKING NEAR TRAFFIC LIGHT / STOPPING ON ZEBRA CROSS","1000","01-09-2026 15:25:56","HAS_FINES"
"KA51AM3874","Please Enter RC Holder Name","3500","82320480","KA51AM2546","15-07-2026","30-06-2026","00:46","New Bell road Ramaiah hospital (ITMS CAMERA)","JUMPING TRAFFIC SIGNALS","500","01-09-2026 15:25:56","HAS_FINES"
"KA51AM3874","Please Enter RC Holder Name","3500","82782111","KA51AM2546","15-07-2026","01-07-2026","10:02","Chamarajpet 5th mn bazaar st Jn(ITMS Camera)","FAIL TO USE SAFETY BELTS","500","01-09-2026 15:25:56","HAS_FINES"
"KA51AM3874","Please Enter RC Holder Name","3500","82675823","KA51AM2546","15-07-2026","04-07-2026","02:21","Banaswadi 7th Mn Rd, 2nd crs Om ShaktiTemple Jn(ITMS CAMERA)","JUMPING TRAFFIC SIGNALS","500","01-09-2026 15:25:56","HAS_FINES"
"KA51AM3830","Please Enter RC Holder Name","3500","84122495","KA51AM2546","05-08-2026","27-02-2026","10:21","ASTraM APP VIOLATION","PARKING IN A MAIN ROAD","1000","01-09-2026 15:26:01","HAS_FINES"
"KA51AM3830","Please Enter RC Holder Name","3500","82295432","KA51AM2546","15-07-2026","28-06-2026","01:37","Koramangala Aishwarya Jn (ITMS CAMERA)","PARKING NEAR TRAFFIC LIGHT / STOPPING ON ZEBRA CROSS","1000","01-09-2026 15:26:01","HAS_FINES"
"KA51AM3830","Please Enter RC Holder Name","3500","82320480","KA51AM2546","15-07-2026","30-06-2026","00:46","New Bell road Ramaiah hospital (ITMS CAMERA)","JUMPING TRAFFIC SIGNALS","500","01-09-2026 15:26:01","HAS_FINES"
"KA51AM3830","Please Enter RC Holder Name","3500","82782111","KA51AM2546","15-07-2026","01-07-2026","10:02","Chamarajpet 5th mn bazaar st Jn(ITMS Camera)","FAIL TO USE SAFETY BELTS","500","01-09-2026 15:26:01","HAS_FINES"
"KA51AM3830","Please Enter RC Holder Name","3500","82675823","KA51AM2546","15-07-2026","04-07-2026","02:21","Banaswadi 7th Mn Rd, 2nd crs Om ShaktiTemple Jn(ITMS CAMERA)","JUMPING TRAFFIC SIGNALS","500","01-09-2026 15:26:01","HAS_FINES"
"KA51AM3826","Please Enter RC Holder Name","3500","84122495","KA51AM2546","05-08-2026","27-02-2026","10:21","ASTraM APP VIOLATION","PARKING IN A MAIN ROAD","1000","01-09-2026 15:26:06","HAS_FINES"
"KA51AM3826","Please Enter RC Holder Name","3500","82295432","KA51AM2546","15-07-2026","28-06-2026","01:37","Koramangala Aishwarya Jn (ITMS CAMERA)","PARKING NEAR TRAFFIC LIGHT / STOPPING ON ZEBRA CROSS","1000","01-09-2026 15:26:06","HAS_FINES"
"KA51AM3826","Please Enter RC Holder Name","3500","82320480","KA51AM2546","15-07-2026","30-06-2026","00:46","New Bell road Ramaiah hospital (ITMS CAMERA)","JUMPING TRAFFIC SIGNALS","500","01-09-2026 15:26:06","HAS_FINES"
"KA51AM3826","Please Enter RC Holder Name","3500","82782111","KA51AM2546","15-07-2026","01-07-2026","10:02","Chamarajpet 5th mn bazaar st Jn(ITMS Camera)","FAIL TO USE SAFETY BELTS","500","01-09-2026 15:26:06","HAS_FINES"
"KA51AM3826","Please Enter RC Holder Name","3500","82675823","KA51AM2546","15-07-2026","04-07-2026","02:21","Banaswadi 7th Mn Rd, 2nd crs Om ShaktiTemple Jn(ITMS CAMERA)","JUMPING TRAFFIC SIGNALS","500","01-09-2026 15:26:06","HAS_FINES"
"KA51AM3824","Please Enter RC Holder Name","3500","84122495","KA51AM2546","05-08-2026","27-02-2026","10:21","ASTraM APP VIOLATION","PARKING IN A MAIN ROAD","1000","01-09-2026 15:26:11","HAS_FINES"
"KA51AM3824","Please Enter RC Holder Name","3500","82295432","KA51AM2546","15-07-2026","28-06-2026","01:37","Koramangala Aishwarya Jn (ITMS CAMERA)","PARKING NEAR TRAFFIC LIGHT / STOPPING ON ZEBRA CROSS","1000","01-09-2026 15:26:11","HAS_FINES"
"KA51AM3824","Please Enter RC Holder Name","3500","82320480","KA51AM2546","15-07-2026","30-06-2026","00:46","New Bell road Ramaiah hospital (ITMS CAMERA)","JUMPING TRAFFIC SIGNALS","500","01-09-2026 15:26:11","HAS_FINES"
"KA51AM3824","Please Enter RC Holder Name","3500","82782111","KA51AM2546","15-07-2026","01-07-2026","10:02","Chamarajpet 5th mn bazaar st Jn(ITMS Camera)","FAIL TO USE SAFETY BELTS","500","01-09-2026 15:26:11","HAS_FINES"
"KA51AM3824","Please Enter RC Holder Name","3500","82675823","KA51AM2546","15-07-2026","04-07-2026","02:21","Banaswadi 7th Mn Rd, 2nd crs Om ShaktiTemple Jn(ITMS CAMERA)","JUMPING TRAFFIC SIGNALS","500","01-09-2026 15:26:11","HAS_FINES"
"KA51AM3870","Please Enter RC Holder Name","3500","84122495","KA51AM2546","05-08-2026","27-02-2026","10:21","ASTraM APP VIOLATION","PARKING IN A MAIN ROAD","1000","01-09-2026 15:26:15","HAS_FINES"
"KA51AM3870","Please Enter RC Holder Name","3500","82295432","KA51AM2546","15-07-2026","28-06-2026","01:37","Koramangala Aishwarya Jn (ITMS CAMERA)","PARKING NEAR TRAFFIC LIGHT / STOPPING ON ZEBRA CROSS","1000","01-09-2026 15:26:15","HAS_FINES"
"KA51AM3870","Please Enter RC Holder Name","3500","82320480","KA51AM2546","15-07-2026","30-06-2026","00:46","New Bell road Ramaiah hospital (ITMS CAMERA)","JUMPING TRAFFIC SIGNALS","500","01-09-2026 15:26:15","HAS_FINES"
"KA51AM3870","Please Enter RC Holder Name","3500","82782111","KA51AM2546","15-07-2026","01-07-2026","10:02","Chamarajpet 5th mn bazaar st Jn(ITMS Camera)","FAIL TO USE SAFETY BELTS","500","01-09-2026 15:26:15","HAS_FINES"
"KA51AM3870","Please Enter RC Holder Name","3500","82675823","KA51AM2546","15-07-2026","04-07-2026","02:21","Banaswadi 7th Mn Rd, 2nd crs Om ShaktiTemple Jn(ITMS CAMERA)","JUMPING TRAFFIC SIGNALS","500","01-09-2026 15:26:15","HAS_FINES"
"KA51AM3873","Please Enter RC Holder Name","3500","84122495","KA51AM2546","05-08-2026","27-02-2026","10:21","ASTraM APP VIOLATION","PARKING IN A MAIN ROAD","1000","01-09-2026 15:26:20","HAS_FINES"
"KA51AM3873","Please Enter RC Holder Name","3500","82295432","KA51AM2546","15-07-2026","28-06-2026","01:37","Koramangala Aishwarya Jn (ITMS CAMERA)","PARKING NEAR TRAFFIC LIGHT / STOPPING ON ZEBRA CROSS","1000","01-09-2026 15:26:20","HAS_FINES"
"KA51AM3873","Please Enter RC Holder Name","3500","82320480","KA51AM2546","15-07-2026","30-06-2026","00:46","New Bell road Ramaiah hospital (ITMS CAMERA)","JUMPING TRAFFIC SIGNALS","500","01-09-2026 15:26:20","HAS_FINES"
"KA51AM3873","Please Enter RC Holder Name","3500","82782111","KA51AM2546","15-07-2026","01-07-2026","10:02","Chamarajpet 5th mn bazaar st Jn(ITMS Camera)","FAIL TO USE SAFETY BELTS","500","01-09-2026 15:26:20","HAS_FINES"
"KA51AM3873","Please Enter RC Holder Name","3500","82675823","KA51AM2546","15-07-2026","04-07-2026","02:21","Banaswadi 7th Mn Rd, 2nd crs Om ShaktiTemple Jn(ITMS CAMERA)","JUMPING TRAFFIC SIGNALS","500","01-09-2026 15:26:20","HAS_FINES"
"KA51AM3831","Please Enter RC Holder Name","3500","84122495","KA51AM2546","05-08-2026","27-02-2026","10:21","ASTraM APP VIOLATION","PARKING IN A MAIN ROAD","1000","01-09-2026 15:26:25","HAS_FINES"
"KA51AM3831","Please Enter RC Holder Name","3500","82295432","KA51AM2546","15-07-2026","28-06-2026","01:37","Koramangala Aishwarya Jn (ITMS CAMERA)","PARKING NEAR TRAFFIC LIGHT / STOPPING ON ZEBRA CROSS","1000","01-09-2026 15:26:25","HAS_FINES"
"KA51AM3831","Please Enter RC Holder Name","3500","82320480","KA51AM2546","15-07-2026","30-06-2026","00:46","New Bell road Ramaiah hospital (ITMS CAMERA)","JUMPING TRAFFIC SIGNALS","500","01-09-2026 15:26:25","HAS_FINES"
"KA51AM3831","Please Enter RC Holder Name","3500","82782111","KA51AM2546","15-07-2026","01-07-2026","10:02","Chamarajpet 5th mn bazaar st Jn(ITMS Camera)","FAIL TO USE SAFETY BELTS","500","01-09-2026 15:26:25","HAS_FINES"
"KA51AM3831","Please Enter RC Holder Name","3500","82675823","KA51AM2546","15-07-2026","04-07-2026","02:21","Banaswadi 7th Mn Rd, 2nd crs Om ShaktiTemple Jn(ITMS CAMERA)","JUMPING TRAFFIC SIGNALS","500","01-09-2026 15:26:25","HAS_FINES"
"KA51AM3832","Please Enter RC Holder Name","3500","84122495","KA51AM2546","05-08-2026","27-02-2026","10:21","ASTraM APP VIOLATION","PARKING IN A MAIN ROAD","1000","01-09-2026 15:26:30","HAS_FINES"
"KA51AM3832","Please Enter RC Holder Name","3500","82295432","KA51AM2546","15-07-2026","28-06-2026","01:37","Koramangala Aishwarya Jn (ITMS CAMERA)","PARKING NEAR TRAFFIC LIGHT / STOPPING ON ZEBRA CROSS","1000","01-09-2026 15:26:30","HAS_FINES"
"KA51AM3832","Please Enter RC Holder Name","3500","82320480","KA51AM2546","15-07-2026","30-06-2026","00:46","New Bell road Ramaiah hospital (ITMS CAMERA)","JUMPING TRAFFIC SIGNALS","500","01-09-2026 15:26:30","HAS_FINES"
"KA51AM3832","Please Enter RC Holder Name","3500","82782111","KA51AM2546","15-07-2026","01-07-2026","10:02","Chamarajpet 5th mn bazaar st Jn(ITMS Camera)","FAIL TO USE SAFETY BELTS","500","01-09-2026 15:26:30","HAS_FINES"
"KA51AM3832","Please Enter RC Holder Name","3500","82675823","KA51AM2546","15-07-2026","04-07-2026","02:21","Banaswadi 7th Mn Rd, 2nd crs Om ShaktiTemple Jn(ITMS CAMERA)","JUMPING TRAFFIC SIGNALS","500","01-09-2026 15:26:30","HAS_FINES"
"KA51AM3834","Please Enter RC Holder Name","3500","84122495","KA51AM2546","05-08-2026","27-02-2026","10:21","ASTraM APP VIOLATION","PARKING IN A MAIN ROAD","1000","01-09-2026 15:26:35","HAS_FINES"
"KA51AM3834","Please Enter RC Holder Name","3500","82295432","KA51AM2546","15-07-2026","28-06-2026","01:37","Koramangala Aishwarya Jn (ITMS CAMERA)","PARKING NEAR TRAFFIC LIGHT / STOPPING ON ZEBRA CROSS","1000","01-09-2026 15:26:35","HAS_FINES"
"KA51AM3834","Please Enter RC Holder Name","3500","82320480","KA51AM2546","15-07-2026","30-06-2026","00:46","New Bell road Ramaiah hospital (ITMS CAMERA)","JUMPING TRAFFIC SIGNALS","500","01-09-2026 15:26:35","HAS_FINES"
"KA51AM3834","Please Enter RC Holder Name","3500","82782111","KA51AM2546","15-07-2026","01-07-2026","10:02","Chamarajpet 5th mn bazaar st Jn(ITMS Camera)","FAIL TO USE SAFETY BELTS","500","01-09-2026 15:26:35","HAS_FINES"
"KA51AM3834","Please Enter RC Holder Name","3500","82675823","KA51AM2546","15-07-2026","04-07-2026","02:21","Banaswadi 7th Mn Rd, 2nd crs Om ShaktiTemple Jn(ITMS CAMERA)","JUMPING TRAFFIC SIGNALS","500","01-09-2026 15:26:35","HAS_FINES"
"KA51AM3823","Please Enter RC Holder Name","3500","84122495","KA51AM2546","05-08-2026","27-02-2026","10:21","ASTraM APP VIOLATION","PARKING IN A MAIN ROAD","1000","01-09-2026 15:26:39","HAS_FINES"
"KA51AM3823","Please Enter RC Holder Name","3500","82295432","KA51AM2546","15-07-2026","28-06-2026","01:37","Koramangala Aishwarya Jn (ITMS CAMERA)","PARKING NEAR TRAFFIC LIGHT / STOPPING ON ZEBRA CROSS","1000","01-09-2026 15:26:39","HAS_FINES"
"KA51AM3823","Please Enter RC Holder Name","3500","82320480","KA51AM2546","15-07-2026","30-06-2026","00:46","New Bell road Ramaiah hospital (ITMS CAMERA)","JUMPING TRAFFIC SIGNALS","500","01-09-2026 15:26:39","HAS_FINES"
"KA51AM3823","Please Enter RC Holder Name","3500","82782111","KA51AM2546","15-07-2026","01-07-2026","10:02","Chamarajpet 5th mn bazaar st Jn(ITMS Camera)","FAIL TO USE SAFETY BELTS","500","01-09-2026 15:26:39","HAS_FINES"
"KA51AM3823","Please Enter RC Holder Name","3500","82675823","KA51AM2546","15-07-2026","04-07-2026","02:21","Banaswadi 7th Mn Rd, 2nd crs Om ShaktiTemple Jn(ITMS CAMERA)","JUMPING TRAFFIC SIGNALS","500","01-09-2026 15:26:39","HAS_FINES"
"KA51AM3822","Please Enter RC Holder Name","3500","84122495","KA51AM2546","05-08-2026","27-02-2026","10:21","ASTraM APP VIOLATION","PARKING IN A MAIN ROAD","1000","01-09-2026 15:26:44","HAS_FINES"
"KA51AM3822","Please Enter RC Holder Name","3500","82295432","KA51AM2546","15-07-2026","28-06-2026","01:37","Koramangala Aishwarya Jn (ITMS CAMERA)","PARKING NEAR TRAFFIC LIGHT / STOPPING ON ZEBRA CROSS","1000","01-09-2026 15:26:44","HAS_FINES"
"KA51AM3822","Please Enter RC Holder Name","3500","82320480","KA51AM2546","15-07-2026","30-06-2026","00:46","New Bell road Ramaiah hospital (ITMS CAMERA)","JUMPING TRAFFIC SIGNALS","500","01-09-2026 15:26:44","HAS_FINES"
"KA51AM3822","Please Enter RC Holder Name","3500","82782111","KA51AM2546","15-07-2026","01-07-2026","10:02","Chamarajpet 5th mn bazaar st Jn(ITMS Camera)","FAIL TO USE SAFETY BELTS","500","01-09-2026 15:26:44","HAS_FINES"
"KA51AM3822","Please Enter RC Holder Name","3500","82675823","KA51AM2546","15-07-2026","04-07-2026","02:21","Banaswadi 7th Mn Rd, 2nd crs Om ShaktiTemple Jn(ITMS CAMERA)","JUMPING TRAFFIC SIGNALS","500","01-09-2026 15:26:44","HAS_FINES"
"KA51AM3844","Please Enter RC Holder Name","3500","84122495","KA51AM2546","05-08-2026","27-02-2026","10:21","ASTraM APP VIOLATION","PARKING IN A MAIN ROAD","1000","01-09-2026 15:26:49","HAS_FINES"
"KA51AM3844","Please Enter RC Holder Name","3500","82295432","KA51AM2546","15-07-2026","28-06-2026","01:37","Koramangala Aishwarya Jn (ITMS CAMERA)","PARKING NEAR TRAFFIC LIGHT / STOPPING ON ZEBRA CROSS","1000","01-09-2026 15:26:49","HAS_FINES"
"KA51AM3844","Please Enter RC Holder Name","3500","82320480","KA51AM2546","15-07-2026","30-06-2026","00:46","New Bell road Ramaiah hospital (ITMS CAMERA)","JUMPING TRAFFIC SIGNALS","500","01-09-2026 15:26:49","HAS_FINES"
"KA51AM3844","Please Enter RC Holder Name","3500","82782111","KA51AM2546","15-07-2026","01-07-2026","10:02","Chamarajpet 5th mn bazaar st Jn(ITMS Camera)","FAIL TO USE SAFETY BELTS","500","01-09-2026 15:26:49","HAS_FINES"
"KA51AM3844","Please Enter RC Holder Name","3500","82675823","KA51AM2546","15-07-2026","04-07-2026","02:21","Banaswadi 7th Mn Rd, 2nd crs Om ShaktiTemple Jn(ITMS CAMERA)","JUMPING TRAFFIC SIGNALS","500","01-09-2026 15:26:49","HAS_FINES"
"KA51AM3845","Please Enter RC Holder Name","3500","84122495","KA51AM2546","05-08-2026","27-02-2026","10:21","ASTraM APP VIOLATION","PARKING IN A MAIN ROAD","1000","01-09-2026 15:26:54","HAS_FINES"
"KA51AM3845","Please Enter RC Holder Name","3500","82295432","KA51AM2546","15-07-2026","28-06-2026","01:37","Koramangala Aishwarya Jn (ITMS CAMERA)","PARKING NEAR TRAFFIC LIGHT / STOPPING ON ZEBRA CROSS","1000","01-09-2026 15:26:54","HAS_FINES"
"KA51AM3845","Please Enter RC Holder Name","3500","82320480","KA51AM2546","15-07-2026","30-06-2026","00:46","New Bell road Ramaiah hospital (ITMS CAMERA)","JUMPING TRAFFIC SIGNALS","500","01-09-2026 15:26:54","HAS_FINES"
"KA51AM3845","Please Enter RC Holder Name","3500","82782111","KA51AM2546","15-07-2026","01-07-2026","10:02","Chamarajpet 5th mn bazaar st Jn(ITMS Camera)","FAIL TO USE SAFETY BELTS","500","01-09-2026 15:26:54","HAS_FINES"
"KA51AM3845","Please Enter RC Holder Name","3500","82675823","KA51AM2546","15-07-2026","04-07-2026","02:21","Banaswadi 7th Mn Rd, 2nd crs Om ShaktiTemple Jn(ITMS CAMERA)","JUMPING TRAFFIC SIGNALS","500","01-09-2026 15:26:54","HAS_FINES"
"KA51AM3850","","2000","82556291","KA51AM3850","15-07-2026","19-06-2026","04:37","Indiranagar, 12th Main Rd, HAL 2nd Stage, Jn (ITMS CAMERA)","JUMPING TRAFFIC SIGNALS","500","01-09-2026 15:26:59","HAS_FINES"
"KA51AM3850","","2000","82921790","KA51AM3850","15-07-2026","02-07-2026","06:55","JP Nagar,35th Main Rd, 15 cross Jn (ITMS CAMERA)","JUMPING TRAFFIC SIGNALS","500","01-09-2026 15:26:59","HAS_FINES"
"KA51AM3850","","2000","82744648","KA51AM3850","15-07-2026","03-07-2026","05:47","Indiranagar, 12th Main Rd, HAL 2nd Stage, Jn (ITMS CAMERA)","JUMPING TRAFFIC SIGNALS","500","01-09-2026 15:26:59","HAS_FINES"
"KA51AM3850","","2000","83377389","KA51AM3850","23-07-2026","19-07-2026","16:48","AIRPORT TO CITY SPEED CAMERA BIAL ROAD","FAIL TO USE SAFETY BELTS","500","01-09-2026 15:26:59","HAS_FINES"
"KA51AM3836","","2500","82614578","KA51AM3836","15-07-2026","22-06-2026","01:53","Koramangala Aishwarya Jn (ITMS CAMERA)","PARKING NEAR TRAFFIC LIGHT / STOPPING ON ZEBRA CROSS","1000","01-09-2026 15:27:04","HAS_FINES"
"KA51AM3836","","2500","82310167","KA51AM3836","15-07-2026","23-06-2026","03:52","Kanakapur road Vanivilas Road Jn (ITMS CAMERA)","JUMPING TRAFFIC SIGNALS","500","01-09-2026 15:27:04","HAS_FINES"
"KA51AM3836","","2500","82412978","KA51AM3836","15-07-2026","25-06-2026","03:51","BTM 29th Main Axa Signal (ITMS CAMERA)","JUMPING TRAFFIC SIGNALS","500","01-09-2026 15:27:04","HAS_FINES"
"KA51AM3836","","2500","82234226","KA51AM3836","15-07-2026","27-06-2026","01:40","Banaswadi 7th Mn Rd, 2nd crs Om ShaktiTemple Jn(ITMS CAMERA)","JUMPING TRAFFIC SIGNALS","500","01-09-2026 15:27:04","HAS_FINES"
"KA51AM3855","","0","N/A","KA51AM3855","N/A","N/A","N/A","N/A","NO FINES FOUND","0","01-09-2026 15:27:08","NO_FINES"
"KA51AM3840","","1500","82224960","KA51AM3840","15-07-2026","23-06-2026","04:22","Adugodi Main Rd Adugodi Jn (ITMS CAMERA)","PARKING NEAR TRAFFIC LIGHT / STOPPING ON ZEBRA CROSS","1000","01-09-2026 15:27:13","HAS_FINES"
"KA51AM3840","","1500","83424544","KA51AM3840","24-07-2026","08-07-2026","02:50","BTM 29th Main Axa Signal (ITMS CAMERA)","JUMPING TRAFFIC SIGNALS","500","01-09-2026 15:27:13","HAS_FINES"
"KA51AM4815","","3000","82339701","KA51AM4815","15-07-2026","22-06-2026","02:28","Sadashivanagar ps Jn (ITMS CAMERA)","JUMPING TRAFFIC SIGNALS","500","01-09-2026 15:43:06","HAS_FINES"
"KA51AM4815","","3000","85033738","KA51AM4815","28-08-2026","11-07-2026","07:12","ASTraM APP VIOLATION","PARKING IN A MAIN ROAD","1000","01-09-2026 15:43:06","HAS_FINES"
"KA51AM4815","","3000","83916186","KA51AM4815","03-08-2026","15-07-2026","22:15","Indiranagar, 12th Main Rd, HAL 2nd Stage, Jn (ITMS CAMERA)","JUMPING TRAFFIC SIGNALS","500","01-09-2026 15:43:06","HAS_FINES"
"KA51AM4815","","3000","84232622","KA51AM4815","07-08-2026","17-07-2026","01:23","Indiranagar, 12th Main Rd, HAL 2nd Stage, Jn (ITMS CAMERA)","JUMPING TRAFFIC SIGNALS","500","01-09-2026 15:43:06","HAS_FINES"
"KA51AM4815","","3000","84423460","KA51AM4815","12-08-2026","18-07-2026","04:05","Indiranagar, 12th Main Rd, HAL 2nd Stage, Jn (ITMS CAMERA)","JUMPING TRAFFIC SIGNALS","500","01-09-2026 15:43:06","HAS_FINES"
"KA51AM4806","","2500","82188892","KA51AM4806","15-07-2026","27-06-2026","01:56","JP Nagar,35th Main Rd, 15 cross Jn (ITMS CAMERA)","JUMPING TRAFFIC SIGNALS","500","01-09-2026 15:43:10","HAS_FINES"
"KA51AM4806","","2500","85042610","KA51AM4806","28-08-2026","22-07-2026","14:27","AIRPORT TO CITY SPEED CAMERA BIAL ROAD","FAIL TO USE SAFETY BELTS","500","01-09-2026 15:43:10","HAS_FINES"
"KA51AM4806","","2500","83400540","KA51AM4806","23-07-2026","22-07-2026","15:35","Devenahalli road","FAIL TO USE SAFETY BELTS","500","01-09-2026 15:43:10","HAS_FINES"
"KA51AM4806","","2500","85359915","KA51AM4806","01-09-2026","29-07-2026","13:03","ASTraM APP VIOLATION","NO PARKING","1000","01-09-2026 15:43:10","HAS_FINES"
"KA51AM5493","","2000","84801028","KA51AM5493","24-08-2026","24-04-2026","14:56","ASTraM APP VIOLATION","PARKING IN A MAIN ROAD","1000","01-09-2026 15:43:15","HAS_FINES"
"KA51AM5493","","2000","84482854","KA51AM5493","13-08-2026","11-08-2026","02:20","AIRPORT TO CITY SPEED CAMERA BIAL ROAD","PARKING NEAR TRAFFIC LIGHT / STOPPING ON ZEBRA CROSS","1000","01-09-2026 15:43:15","HAS_FINES"
"KA51AM5503","","2500","83446908","KA51AM5503","24-07-2026","08-07-2026","05:11","8th main 9th cross JP nagar (ITMS CAMERA)","JUMPING TRAFFIC SIGNALS","500","01-09-2026 15:43:20","HAS_FINES"
"KA51AM5503","","2500","84379184","KA51AM5503","11-08-2026","17-07-2026","01:18","BTM 29th Main Axa Signal (ITMS CAMERA)","JUMPING TRAFFIC SIGNALS","500","01-09-2026 15:43:20","HAS_FINES"
"KA51AM5503","","2500","85347354","KA51AM5503","01-09-2026","27-07-2026","13:25","ASTraM APP VIOLATION","PARKING IN A MAIN ROAD","1000","01-09-2026 15:43:20","HAS_FINES"
"KA51AM5503","","2500","83902670","KA51AM5503","03-08-2026","31-07-2026","11:45","Old Madras Road","FAIL TO USE SAFETY BELTS","500","01-09-2026 15:43:20","HAS_FINES"
"KA51AM5509","","0","N/A","KA51AM5509","N/A","N/A","N/A","N/A","NO FINES FOUND","0","01-09-2026 15:43:25","NO_FINES"
"KA51AM5510","","1500","84698959","KA51AM5510","19-08-2026","22-07-2026","04:28","Kalasipalya Main Rd Jn (ITMS CAMERA)","JUMPING TRAFFIC SIGNALS","500","01-09-2026 15:43:29","HAS_FINES"
"KA51AM5510","","1500","83769570","KA51AM5510","29-07-2026","27-07-2026","03:56","AIRPORT TO CITY SPEED CAMERA BIAL ROAD","PARKING NEAR TRAFFIC LIGHT / STOPPING ON ZEBRA CROSS","1000","01-09-2026 15:43:29","HAS_FINES"
"KA51AM4820","","1000","82416980","KA51AM4820","15-07-2026","24-06-2026","01:19","JP Nagar,35th Main Rd, 15 cross Jn (ITMS CAMERA)","JUMPING TRAFFIC SIGNALS","500","01-09-2026 15:43:34","HAS_FINES"
"KA51AM4820","","1000","82933574","KA51AM4820","15-07-2026","04-07-2026","15:28","Sampige Rd 18th cross road (ITMS CAMERA)","FAIL TO USE SAFETY BELTS","500","01-09-2026 15:43:34","HAS_FINES"
"KA51AM5500","","1500","84871674","KA51AM5500","24-08-2026","28-07-2026","15:20","Adugodi Main Rd Adugodi Jn (ITMS CAMERA)","FAIL TO USE SAFETY BELTS","500","01-09-2026 15:43:39","HAS_FINES"
"KA51AM5500","","1500","85209521","KA51AM5500","29-08-2026","01-08-2026","16:01","BTM 29th Main Axa Signal (ITMS CAMERA)","FAIL TO USE SAFETY BELTS","500","01-09-2026 15:43:39","HAS_FINES"
"KA51AM5500","","1500","84498959","KA51AM5500","13-08-2026","12-08-2026","16:00","Airport Elevated Road (Bellary Road) AND At grade1","FAIL TO USE SAFETY BELTS","500","01-09-2026 15:43:39","HAS_FINES"
"KA51AM5495","","1000","83200996","KA51AM5495","20-07-2026","06-07-2026","01:06","Banaswadi 7th Mn Rd, 2nd crs Om ShaktiTemple Jn(ITMS CAMERA)","JUMPING TRAFFIC SIGNALS","500","01-09-2026 15:43:43","HAS_FINES"
"KA51AM5495","","1000","83656686","KA51AM5495","27-07-2026","23-07-2026","08:36","SLF CAMERA CHIKKAJALA","FAIL TO USE SAFETY BELTS","500","01-09-2026 15:43:43","HAS_FINES"
"KA51AM5461","","0","N/A","KA51AM5461","N/A","N/A","N/A","N/A","NO FINES FOUND","0","01-09-2026 15:43:48","NO_FINES"
"KA51AM4812","","2500","82198400","KA51AM4812","15-07-2026","24-06-2026","04:01","Navaranga circle (ITMS CAMERA)","JUMPING TRAFFIC SIGNALS","500","01-09-2026 15:43:53","HAS_FINES"
"KA51AM4812","","2500","82491795","KA51AM4812","15-07-2026","25-06-2026","03:18","Indiranagar, 12th Main Rd, HAL 2nd Stage, Jn (ITMS CAMERA)","JUMPING TRAFFIC SIGNALS","500","01-09-2026 15:43:53","HAS_FINES"
"KA51AM4812","","2500","82228469","KA51AM4812","15-07-2026","27-06-2026","02:13","K H road , Siddiah road Jn (ITMS CAMERA)","JUMPING TRAFFIC SIGNALS","500","01-09-2026 15:43:53","HAS_FINES"
"KA51AM4812","","2500","84943959","KA51AM4812","25-08-2026","27-07-2026","03:28","Indiranagar, 12th Main Rd, HAL 2nd Stage, Jn (ITMS CAMERA)","JUMPING TRAFFIC SIGNALS","500","01-09-2026 15:43:53","HAS_FINES"
"KA51AM4812","","2500","85311361","KA51AM4812","31-08-2026","31-07-2026","00:31","Sampige Rd 18th cross road (ITMS CAMERA)","JUMPING TRAFFIC SIGNALS","500","01-09-2026 15:43:53","HAS_FINES"
"KA51AM5496","","0","N/A","KA51AM5496","N/A","N/A","N/A","N/A","NO FINES FOUND","0","01-09-2026 15:43:57","NO_FINES"
"KA51AM4816","","0","N/A","KA51AM4816","N/A","N/A","N/A","N/A","NO FINES FOUND","0","01-09-2026 15:44:02","NO_FINES"
"KA51AM5457","","500","82214464","KA51AM5457","15-07-2026","24-06-2026","22:42","Banaswadi 7th Mn Rd, 2nd crs Om ShaktiTemple Jn(ITMS CAMERA)","JUMPING TRAFFIC SIGNALS","500","01-09-2026 15:44:07","HAS_FINES"
"KA51AM5492","","1500","82501702","KA51AM5492","15-07-2026","21-06-2026","01:53","Koramangala Aishwarya Jn (ITMS CAMERA)","PARKING NEAR TRAFFIC LIGHT / STOPPING ON ZEBRA CROSS","1000","01-09-2026 15:44:11","HAS_FINES"
"KA51AM5492","","1500","82618463","KA51AM5492","15-07-2026","23-06-2026","03:33","Banaswadi 7th Mn Rd, 2nd crs Om ShaktiTemple Jn(ITMS CAMERA)","JUMPING TRAFFIC SIGNALS","500","01-09-2026 15:44:11","HAS_FINES"
"KA51AM5502","","0","N/A","KA51AM5502","N/A","N/A","N/A","N/A","NO FINES FOUND","0","01-09-2026 15:44:16","NO_FINES"
"KA51AM5458","","2000","83291377","KA51AM5458","22-07-2026","05-07-2026","01:32","Koramangala Aishwarya Jn (ITMS CAMERA)","PARKING NEAR TRAFFIC LIGHT / STOPPING ON ZEBRA CROSS","1000","01-09-2026 15:44:21","HAS_FINES"
"KA51AM5458","","2000","83381001","KA51AM5458","23-07-2026","18-07-2026","03:03","AIRPORT TO CITY SPEED CAMERA BIAL ROAD","PARKING NEAR TRAFFIC LIGHT / STOPPING ON ZEBRA CROSS","1000","01-09-2026 15:44:21","HAS_FINES"
"KA51AL3731","","0","N/A","KA51AL3731","N/A","N/A","N/A","N/A","NO FINES FOUND","0","01-09-2026 15:44:25","NO_FINES"
"KA51AL3730","","2000","84807132","KA51AL3730","24-08-2026","27-04-2026","08:28","ASTraM APP VIOLATION","NO PARKING","1000","01-09-2026 15:44:30","HAS_FINES"
"KA51AL3730","","2000","84801196","KA51AL3730","24-08-2026","27-04-2026","11:33","ASTraM APP VIOLATION","PARKING IN A MAIN ROAD","1000","01-09-2026 15:44:30","HAS_FINES"
"KA51AL3718","","500","82637428","KA51AL3718","15-07-2026","02-07-2026","01:27","Navaranga circle (ITMS CAMERA)","JUMPING TRAFFIC SIGNALS","500","01-09-2026 15:44:35","HAS_FINES"
"KA51AL3733","","2500","82393479","KA51AL3733","15-07-2026","26-06-2026","01:11","Banaswadi 7th Mn Rd, 2nd crs Om ShaktiTemple Jn(ITMS CAMERA)","PARKING NEAR TRAFFIC LIGHT / STOPPING ON ZEBRA CROSS","1000","01-09-2026 15:44:39","HAS_FINES"
"KA51AL3733","","2500","83281517","KA51AL3733","21-07-2026","05-07-2026","02:07","Old Madras Road 80 Feet cross Road (ITMS CAMERA)","JUMPING TRAFFIC SIGNALS","500","01-09-2026 15:44:39","HAS_FINES"
"KA51AL3733","","2500","84396662","KA51AL3733","11-08-2026","14-07-2026","08:33","Navaranga circle (ITMS CAMERA)","PARKING NEAR TRAFFIC LIGHT / STOPPING ON ZEBRA CROSS","1000","01-09-2026 15:44:39","HAS_FINES"
"KA51AL1868","","0","N/A","KA51AL1868","N/A","N/A","N/A","N/A","NO FINES FOUND","0","01-09-2026 15:44:44","NO_FINES"
"KA51AL1871","","0","N/A","KA51AL1871","N/A","N/A","N/A","N/A","NO FINES FOUND","0","01-09-2026 15:44:49","NO_FINES"
"KA51AL1875","","0","N/A","KA51AL1875","N/A","N/A","N/A","N/A","NO FINES FOUND","0","01-09-2026 15:44:53","NO_FINES"
"KA51AL1879","","2000","82582695","KA51AL1879","15-07-2026","21-06-2026","05:07","Indiranagar, 12th Main Rd, HAL 2nd Stage, Jn (ITMS CAMERA)","JUMPING TRAFFIC SIGNALS","500","01-09-2026 15:44:58","HAS_FINES"
"KA51AL1879","","2000","83240495","KA51AL1879","21-07-2026","05-07-2026","01:55","Banaswadi 7th Mn Rd, 2nd crs Om ShaktiTemple Jn(ITMS CAMERA)","JUMPING TRAFFIC SIGNALS","500","01-09-2026 15:44:58","HAS_FINES"
"KA51AL1879","","2000","85282984","KA51AL1879","31-08-2026","31-07-2026","07:18","Jayanagar 4th main 27th cross (ITMS CAMERA)","JUMPING TRAFFIC SIGNALS","500","01-09-2026 15:44:58","HAS_FINES"
"KA51AL1879","","2000","85398739","KA51AL1879","01-09-2026","30-08-2026","14:42","RS JUNCTION","ONE WAY/NO ENTRY","500","01-09-2026 15:44:58","HAS_FINES"
"KA51AL1883","","2000","83679801","KA51AL1883","29-07-2026","09-07-2026","01:32","Indiranagar, 12th Main Rd, HAL 2nd Stage, Jn (ITMS CAMERA)","JUMPING TRAFFIC SIGNALS","500","01-09-2026 15:45:03","HAS_FINES"
"KA51AL1883","","2000","85069890","KA51AL1883","28-08-2026","10-07-2026","14:54","AIRPORT TO CITY SPEED CAMERA BIAL ROAD","FAIL TO USE SAFETY BELTS","500","01-09-2026 15:45:03","HAS_FINES"
"KA51AL1883","","2000","84094092","KA51AL1883","04-08-2026","16-07-2026","00:36","Koramangala Aishwarya Jn (ITMS CAMERA)","JUMPING TRAFFIC SIGNALS","500","01-09-2026 15:45:03","HAS_FINES"
"KA51AL1883","","2000","84778988","KA51AL1883","21-08-2026","25-07-2026","03:42","Koramangala Aishwarya Jn (ITMS CAMERA)","JUMPING TRAFFIC SIGNALS","500","01-09-2026 15:45:03","HAS_FINES"
"KA51AL1887","","500","84882428","KA51AL1887","24-08-2026","30-07-2026","11:07","M G Road Dickenson Rd, Jn (ITMS CAMERA)","FAIL TO USE SAFETY BELTS","500","01-09-2026 15:45:07","HAS_FINES"
"KA51AL1835","","1000","84437077","KA51AL1835","12-08-2026","17-07-2026","18:41","Navaranga circle (ITMS CAMERA)","PARKING NEAR TRAFFIC LIGHT / STOPPING ON ZEBRA CROSS","1000","01-09-2026 15:45:12","HAS_FINES"
"KA51AL1840","","500","82217077","KA51AL1840","15-07-2026","23-06-2026","01:24","Koramangala Aishwarya Jn (ITMS CAMERA)","JUMPING TRAFFIC SIGNALS","500","01-09-2026 15:45:17","HAS_FINES"
"KA51AL1852","","0","N/A","KA51AL1852","N/A","N/A","N/A","N/A","NO FINES FOUND","0","01-09-2026 15:45:21","NO_FINES"
"KA51AL1857","","0","N/A","KA51AL1857","N/A","N/A","N/A","N/A","NO FINES FOUND","0","01-09-2026 15:45:26","NO_FINES"
"KA51AL4743","","2000","84906875","KA51AL4743","25-08-2026","29-06-2026","09:09","ASTraM APP VIOLATION","PARKING IN A MAIN ROAD","1000","01-09-2026 15:45:31","HAS_FINES"
"KA51AL4743","","2000","84975733","KA51AL4743","27-08-2026","08-07-2026","07:54","ASTraM APP VIOLATION","PARKING IN A MAIN ROAD","1000","01-09-2026 15:45:31","HAS_FINES"
"KA51AL3729","","1000","83550021","KA51AL3729","25-07-2026","22-07-2026","04:14","SLF CAMERA CHIKKAJALA","DRIVING AT EXCESSIVE SPEED 2W/3W/LMV","1000","01-09-2026 15:45:35","HAS_FINES"
"KA51AL4746","","0","N/A","KA51AL4746","N/A","N/A","N/A","N/A","NO FINES FOUND","0","01-09-2026 15:45:40","NO_FINES"
"KA51AL1866","","2000","82330467","KA51AL1866","15-07-2026","27-06-2026","13:04","New Bell road Ramaiah hospital (ITMS CAMERA)","JUMPING TRAFFIC SIGNALS","500","01-09-2026 15:45:45","HAS_FINES"
"KA51AL1866","","2000","82905285","KA51AL1866","15-07-2026","02-07-2026","05:16","JP Nagar,35th Main Rd, 15 cross Jn (ITMS CAMERA)","JUMPING TRAFFIC SIGNALS","500","01-09-2026 15:45:45","HAS_FINES"
"KA51AL1866","","2000","84209402","KA51AL1866","06-08-2026","18-07-2026","08:46","Kathriguppe Circle (ITMS CAMERA)","FAIL TO USE SAFETY BELTS","500","01-09-2026 15:45:45","HAS_FINES"
"KA51AL1866","","2000","84493887","KA51AL1866","13-08-2026","21-07-2026","07:43","CAL Cross (ITMS CAMERA)","FAIL TO USE SAFETY BELTS","500","01-09-2026 15:45:45","HAS_FINES"
"KA05AP6037","","1500","82274580","KA05AP6037","15-07-2026","26-06-2026","23:24","Banaswadi 7th Mn Rd, 2nd crs Om ShaktiTemple Jn(ITMS CAMERA)","JUMPING TRAFFIC SIGNALS","500","01-09-2026 15:45:49","HAS_FINES"
"KA05AP6037","","1500","82466740","KA05AP6037","15-07-2026","26-06-2026","15:43","M G Road Dickenson Rd, Jn (ITMS CAMERA)","FAIL TO USE SAFETY BELTS","500","01-09-2026 15:45:49","HAS_FINES"
"KA05AP6037","","1500","84652908","KA05AP6037","18-08-2026","17-08-2026","10:25","ORR Tin factory to Silk Board1","FAIL TO USE SAFETY BELTS","500","01-09-2026 15:45:49","HAS_FINES"
"KA05AP6039","","500","84017845","KA05AP6039","03-08-2026","18-07-2026","16:14","Shivananda Circle Jn (ITMS CAMERA)","FAIL TO USE SAFETY BELTS","500","01-09-2026 15:45:54","HAS_FINES"
"KA05AP7690","","500","82649314","KA05AP7690","15-07-2026","04-07-2026","10:12","Kathriguppe Circle (ITMS CAMERA)","FAIL TO USE SAFETY BELTS","500","01-09-2026 15:45:59","HAS_FINES"
"KA05AP7687","","1000","85262656","KA05AP7687","31-08-2026","17-07-2026","17:39","ASTraM APP VIOLATION","NO PARKING","1000","01-09-2026 15:46:03","HAS_FINES"
"KA05AP7683","","0","N/A","KA05AP7683","N/A","N/A","N/A","N/A","NO FINES FOUND","0","01-09-2026 15:46:08","NO_FINES"
"KA05AP7680","","0","N/A","KA05AP7680","N/A","N/A","N/A","N/A","NO FINES FOUND","0","01-09-2026 15:46:13","NO_FINES"
"KA05AP7677","","2000","84190419","KA05AP7677","06-08-2026","17-07-2026","16:01","M G Road Dickenson Rd, Jn (ITMS CAMERA)","FAIL TO USE SAFETY BELTS","500","01-09-2026 15:46:17","HAS_FINES"
"KA05AP7677","","2000","84080970","KA05AP7677","04-08-2026","18-07-2026","17:06","M G Road Dickenson Rd, Jn (ITMS CAMERA)","FAIL TO USE SAFETY BELTS","500","01-09-2026 15:46:17","HAS_FINES"
"KA05AP7677","","2000","84559907","KA05AP7677","15-08-2026","25-07-2026","16:14","Koramangala Aishwarya Jn (ITMS CAMERA)","FAIL TO USE SAFETY BELTS","500","01-09-2026 15:46:17","HAS_FINES"
"KA05AP7677","","2000","84553821","KA05AP7677","15-08-2026","25-07-2026","16:05","Koramangala Aishwarya Jn (ITMS CAMERA)","FAIL TO USE SAFETY BELTS","500","01-09-2026 15:46:17","HAS_FINES"
"KA05AP7674","","0","N/A","KA05AP7674","N/A","N/A","N/A","N/A","NO FINES FOUND","0","01-09-2026 15:46:22","NO_FINES"
"KA05AP7671","","0","N/A","KA05AP7671","N/A","N/A","N/A","N/A","NO FINES FOUND","0","01-09-2026 15:46:26","NO_FINES"
"KA05AP7668","","1000","83141702","KA05AP7668","18-07-2026","06-07-2026","12:07","BTM 29th Main Axa Signal (ITMS CAMERA)","FAIL TO USE SAFETY BELTS","500","01-09-2026 15:46:31","HAS_FINES"
"KA05AP7668","","1000","83282273","KA05AP7668","21-07-2026","08-07-2026","23:45","Banaswadi 7th Mn Rd, 2nd crs Om ShaktiTemple Jn(ITMS CAMERA)","JUMPING TRAFFIC SIGNALS","500","01-09-2026 15:46:31","HAS_FINES"
"KA05AP7664","","0","N/A","KA05AP7664","N/A","N/A","N/A","N/A","NO FINES FOUND","0","01-09-2026 15:46:36","NO_FINES"
"KA05AP7661","","500","85378062","KA05AP7661","01-09-2026","04-08-2026","11:08","HAL Old Airport Rd, ASC Jn (ITMS CAMERA)","FAIL TO USE SAFETY BELTS","500","01-09-2026 15:46:40","HAS_FINES"
"KA05AP7658","","0","N/A","KA05AP7658","N/A","N/A","N/A","N/A","NO FINES FOUND","0","01-09-2026 15:46:45","NO_FINES"
"KA05AP7655","","0","N/A","KA05AP7655","N/A","N/A","N/A","N/A","NO FINES FOUND","0","01-09-2026 15:46:50","NO_FINES"
"KA05AP7652","","1000","82498647","KA05AP7652","15-07-2026","23-06-2026","09:08","Hosur Mn Rd Tavarekere Main Rd Jn (ITMS CAMERA)","FAIL TO USE SAFETY BELTS","500","01-09-2026 15:46:54","HAS_FINES"
"KA05AP7652","","1000","82487168","KA05AP7652","15-07-2026","27-06-2026","01:28","JP Nagar,35th Main Rd, 15 cross Jn (ITMS CAMERA)","JUMPING TRAFFIC SIGNALS","500","01-09-2026 15:46:54","HAS_FINES"
